Name,Team,BB%,K%,ISO,BABIP,AVG,OBP,SLG,wOBA,wRC+,BsR,Off,WAR,OPS+,PA_scaled,Num,BIP%,PutAway%,HR_scaled,R_scaled,RBI_scaled,Num_Ordi,Team_Ordi,CPBL
Aaron Judge,NYY,18.3,23.599999999999998,0.357,0.376,0.331,0.457,0.688,0.463,204.0,-4.2,79.4,10.1,196.35216709844264,4.191358024691358,,66.9977715734466,47.23541584306139,46.833578792341676,121.06038291605302,100.73637702503682,46.0,20.0,0
Cal Raleigh,SEA,13.8,26.700000000000003,0.34199999999999997,0.248,0.247,0.359,0.589,0.392,161.0,-2.7,48.0,9.1,143.92389118969805,4.351851851851852,,58.83955718219414,48.134189704161514,51.06382978723404,93.61702127659575,106.38297872340425,0.0,25.0,0
Bobby Witt Jr.,KCR,7.1,18.2,0.205,0.334,0.295,0.351,0.501,0.36,130.0,7.4,31.5,8.0,121.33068712447735,4.2407407407407405,,68.6057924468546,39.073390138342425,20.087336244541486,86.46288209606988,76.85589519650655,3.0,13.0,0
Shohei Ohtani,LAD,15.0,25.7,0.3400000000000001,0.315,0.282,0.392,0.622,0.418,172.0,3.7,66.0,7.5,161.50114765866297,4.487654320987654,,58.40956154301431,44.41604272632579,45.39202200825309,120.4951856946355,84.18156808803302,56.0,15.0,0
Geraldo Perdomo,ARI,13.100000000000001,11.5,0.173,0.303,0.29,0.389,0.462,0.37,138.0,3.8,36.2,7.1,123.92656520054186,4.444444444444445,,80.57480421268026,30.499658919777197,16.666666666666668,81.66666666666667,83.33333333333333,58.0,1.0,0
Trea Turner,PHI,6.7,16.7,0.153,0.35,0.304,0.355,0.457,0.352,125.0,7.999999999999999,26.8,6.7,112.46203307706897,3.9444444444444446,,71.40361910668453,31.557185338769678,14.084507042253522,88.26291079812206,64.78873239436619,51.0,22.0,0
Corbin Carroll,ARI,10.4,23.799999999999997,0.282,0.299,0.259,0.343,0.541,0.371,139.0,10.3,40.0,6.5,128.0687646301931,3.962962962962963,,65.32478667272554,43.34864757267627,28.97196261682243,100.0,78.50467289719626,3.0,1.0,0
Jos矇 Ram穩rez,CLE,9.8,11.0,0.219,0.279,0.283,0.36,0.503,0.36,133.0,7.300000000000001,33.8,6.3,124.52042988237544,4.148148148148148,,80.47264938740825,27.071386955798367,26.785714285714285,91.96428571428571,75.89285714285714,58.0,9.0,0
Francisco Lindor,NYM,8.9,17.9,0.199,0.288,0.267,0.346,0.466,0.35,129.0,2.7,27.6,6.3,111.7929473291733,4.518518518518518,,67.55551081448081,34.2434462434553,25.40983606557377,95.90163934426229,70.49180327868852,3.0,19.0,0
Fernando Tatis Jr.,SDP,12.9,18.7,0.178,0.303,0.268,0.368,0.446,0.353,131.0,5.7,31.4,6.1,113.88679154301977,4.265432098765432,,68.15654135044784,37.26240587407854,21.70767004341534,96.38205499276411,61.64978292329957,46.0,24.0,0
Juan Soto,NYM,17.8,19.2,0.262,0.27,0.263,0.396,0.525,0.39,156.0,2.7,50.1,5.8,140.48750983578879,4.41358024691358,,71.10368543051968,37.09288765506363,36.08391608391609,100.6993006993007,88.1118881118881,46.0,19.0,0
Julio Rodr穩guez,SEA,6.2,21.4,0.207,0.302,0.267,0.324,0.474,0.341,126.0,3.8999999999999995,25.6,5.7,106.9492954680515,4.382716049382716,,64.16753133759988,42.371647915138,27.04225352112676,89.5774647887324,80.28169014084507,3.0,25.0,0
Jeremy Pe簽a,HOU,6.4,17.1,0.172,0.345,0.304,0.363,0.477,0.363,135.0,4.3,26.8,5.7,119.47299380772974,3.3518518518518516,,73.34305912864053,32.676482913785286,18.784530386740332,75.13812154696133,68.50828729281768,45.0,12.0,0
Maikel Garcia,KCR,9.3,12.6,0.163,0.308,0.286,0.351,0.449,0.347,121.0,1.1,17.2,5.7,109.41485398628447,4.111111111111111,,80.81421962421898,23.286068398027652,14.414414414414416,72.97297297297297,66.66666666666667,58.0,13.0,0
Pete Crow-Armstrong,CHC,4.5,24.0,0.234,0.276,0.247,0.287,0.481,0.323,109.0,6.7,13.5,5.4,97.32409049740318,3.993827160493827,,63.90279969938754,43.25705146618381,28.74806800618238,84.38948995363215,88.09891808346214,52.0,6.0,0
George Springer,TOR,11.799999999999999,18.9,0.251,0.34,0.309,0.399,0.56,0.408,166.0,2.7,48.4,5.2,149.4182626347924,3.617283950617284,,70.00331129872596,37.21362075986856,32.76450511945392,108.53242320819113,86.00682593856655,45.0,30.0,0
Byron Buxton,MIN,7.6,27.3,0.287,0.302,0.264,0.327,0.551,0.367,136.0,8.5,31.8,5.0,125.50437503251865,3.345679012345679,,61.941744071494625,47.534159729625976,38.745387453874535,107.380073800738,91.88191881918819,0.0,18.0,0
Kyle Schwarber,PHI,14.899999999999999,27.200000000000003,0.323,0.253,0.24,0.365,0.563,0.391,152.0,-1.0,43.7,4.9,139.786935609503,4.469135802469136,,62.02961357316023,48.57215767429183,46.408839779005525,91.98895027624309,109.39226519337016,0.0,22.0,0
Cody Bellinger,NYY,8.7,13.700000000000001,0.207,0.274,0.272,0.334,0.48,0.347,125.0,0.9000000000000001,20.2,4.9,111.35913427319157,4.049382716049383,,73.37670840071472,28.108874548845293,26.524390243902438,81.40243902439025,89.63414634146342,58.0,20.0,0
Nico Hoerner,CHC,6.0,7.6,0.097,0.313,0.297,0.345,0.394,0.324,109.0,4.6,11.8,4.8,94.99060794737133,4.006172839506172,,76.81501107547206,14.604895201541876,6.471494607087829,82.2804314329738,56.3944530046225,1.0,6.0,0
Gunnar Henderson,BAL,9.5,21.0,0.165,0.329,0.274,0.349,0.438,0.339,120.0,7.300000000000001,22.5,4.8,106.2872099799817,4.018518518518518,,65.31548907710379,40.705269940527145,15.668202764976959,78.3410138248848,62.672811059907836,51.0,4.0,0
Matt Olson,ATL,12.6,24.3,0.212,0.333,0.272,0.366,0.484,0.366,136.0,-4.8,26.1,4.7,121.98752876309102,4.469135802469136,,62.93606883795484,48.58554082533562,24.03314917127072,81.21546961325967,78.7292817679558,46.0,3.0,0
Alejandro Kirk,TOR,9.5,11.700000000000001,0.14,0.292,0.282,0.348,0.421,0.334,116.0,-5.8,3.4000000000000004,4.6,102.08815564819145,3.123456790123457,,77.51914586742768,23.309341221912405,17.786561264822133,53.359683794466406,90.11857707509881,11.0,30.0,0
Ketel Marte,ARI,11.5,14.899999999999999,0.233,0.29,0.283,0.376,0.517,0.381,145.0,-3.4,26.5,4.6,132.58443477460045,3.432098765432099,,75.65316232980935,31.981339654308698,30.215827338129497,93.88489208633094,77.6978417266187,3.0,1.0,0
Junior Caminero,TBR,6.3,19.1,0.271,0.26,0.264,0.311,0.535,0.357,129.0,0.0,22.6,4.6,116.98206886574773,4.030864197530864,,67.58094156089643,38.35373698548817,41.347626339969366,85.45176110260337,101.07197549770291,3.0,28.0,0
Kyle Tucker,CHC,14.6,14.7,0.198,0.282,0.266,0.377,0.464,0.363,136.0,3.8,29.2,4.5,120.74294449728482,3.685185185185185,,74.91922369638414,30.124717832560574,22.110552763819097,91.4572864321608,73.36683417085428,46.0,6.0,0
Brice Turang,MIL,10.0,22.8,0.147,0.356,0.288,0.359,0.435,0.346,124.0,2.7,21.1,4.4,108.63469304966524,4.067901234567901,,60.85295225028326,44.238969176201884,16.38846737481032,88.31562974203338,73.74810318664643,7.0,17.0,0
Jazz Chisholm Jr.,NYY,10.9,27.900000000000002,0.238,0.282,0.242,0.332,0.481,0.349,126.0,3.0,19.3,4.4,110.98129791416405,3.2777777777777777,,61.03526356239604,50.455036912593485,35.02824858757062,84.7457627118644,90.3954802259887,46.0,20.0,0
Elly De La Cruz,CIN,9.6,25.900000000000002,0.176,0.337,0.264,0.336,0.44,0.333,108.0,9.4,16.4,4.3,102.80009577857444,4.314814814814815,,59.93305110561276,47.53497044370056,18.88412017167382,87.55364806866953,73.81974248927038,3.0,8.0,0
Wyatt Langford,TEX,12.9,26.400000000000002,0.19,0.299,0.241,0.344,0.431,0.337,118.0,1.6000000000000003,13.9,4.1,103.16568802831986,3.537037037037037,,57.44738576109019,41.115692536769345,23.036649214659686,76.43979057591623,64.92146596858639,46.0,29.0,0
Andy Pages,LAD,4.6,21.6,0.189,0.308,0.272,0.313,0.461,0.332,113.0,0.3,10.2,4.0,100.63190870385066,3.8518518518518516,,63.76571165632165,42.430559780400486,25.96153846153846,71.15384615384616,82.6923076923077,52.0,15.0,0
Willy Adames,SFG,11.700000000000001,26.1,0.196,0.263,0.225,0.318,0.421,0.321,108.0,0.9000000000000001,7.1,4.0,92.98335070368424,4.234567901234568,,62.99940568778523,49.129334523837315,26.239067055393587,82.21574344023324,76.0932944606414,52.0,26.0,0
Shea Langeliers,ATH,6.9,19.7,0.26,0.29,0.277,0.325,0.536,0.364,132.0,0.6000000000000001,20.6,3.9,121.46012847712404,3.228395061728395,,68.16868978567967,33.430289349109984,35.56405353728489,83.74760994263862,82.60038240917783,3.0,2.0,0
Vladimir Guerrero Jr.,TOR,11.899999999999999,13.8,0.175,0.313,0.292,0.381,0.467,0.366,137.0,-2.6,27.1,3.8,122.64437040170462,4.197530864197531,,71.44851150276486,27.90882392176157,20.294117647058822,84.70588235294117,74.11764705882354,11.0,30.0,0
Manny Machado,SDP,8.1,19.3,0.185,0.307,0.275,0.335,0.46,0.341,123.0,-0.6,17.9,3.8,107.07961502588299,4.185185185185185,,73.2716716902716,43.78217422848383,23.893805309734514,80.53097345132744,84.070796460177,52.0,24.0,0
Jarren Duran,BOS,8.6,24.3,0.185,0.326,0.256,0.332,0.442,0.335,111.0,7.2,16.4,3.8,102.04442306051939,4.296296296296297,,63.66547645711223,44.60649341839453,13.793103448275861,74.13793103448276,72.41379310344827,52.0,5.0,0
Bo Bichette,TOR,6.4,14.499999999999998,0.172,0.342,0.311,0.357,0.483,0.361,134.0,-3.2,21.7,3.8,119.02693664246593,3.876543209876543,,78.5028699787831,30.89523720166186,17.197452229299362,74.52229299363057,89.80891719745223,23.0,30.0,0
Freddie Freeman,LAD,9.6,20.4,0.207,0.342,0.295,0.367,0.502,0.37,139.0,-1.7,27.6,3.8,126.41573373215418,3.8703703703703702,,66.23257311702436,43.21201349410516,22.966507177033492,77.51196172248804,86.1244019138756,9.0,15.0,0
Eugenio Su獺rez,2 Tms,7.000000000000001,29.799999999999997,0.298,0.243,0.228,0.298,0.526,0.347,125.0,-3.4,15.8,3.8,110.97429765433814,4.055555555555555,,55.90368382291588,55.10452542255925,44.74885844748859,83.10502283105023,107.76255707762557,6.0,0.0,0
Ceddanne Rafaela,BOS,4.8,19.900000000000002,0.165,0.289,0.249,0.295,0.414,0.307,91.0,3.7,-2.1999999999999993,3.8,84.39894578531812,3.623456790123457,,72.05810671829646,39.49635287793214,16.35434412265758,85.8603066439523,64.39522998296422,31.0,5.0,0
Matt Chapman,SFG,13.3,23.599999999999998,0.198,0.27,0.231,0.34,0.43,0.336,118.0,0.7,12.3,3.7,101.72256339844598,3.302469135802469,,64.29170704368872,46.67023331630677,23.55140186915888,85.23364485981308,68.41121495327103,46.0,26.0,0
William Contreras,MIL,12.7,18.2,0.14,0.299,0.26,0.355,0.399,0.332,113.0,-3.3,7.2,3.6,99.17129611523845,4.067901234567901,,71.68721363606623,39.130593990991855,15.477996965098635,81.03186646433991,69.19575113808801,11.0,17.0,0
Sal Frelick,MIL,7.9,13.5,0.117,0.317,0.288,0.351,0.405,0.332,114.0,2.6,12.4,3.6,99.33222594627513,3.6666666666666665,,72.84762513578828,28.357262135348165,12.121212121212121,76.76767676767676,63.63636363636363,2.0,17.0,0
Pete Alonso,NYM,8.6,22.8,0.252,0.305,0.272,0.347,0.524,0.368,141.0,-5.4,29.2,3.6,125.38717778915407,4.3765432098765435,,62.52162280714819,42.49338621957671,32.15796897038082,73.62482369534555,106.62905500705219,46.0,19.0,0
Michael Busch,CHC,9.5,23.5,0.261,0.292,0.261,0.343,0.523,0.369,140.0,-3.3,24.6,3.5,123.94405315928019,3.654320987654321,,60.0878767379575,42.93366104335615,34.45945945945946,79.05405405405405,91.21621621621621,46.0,6.0,0
Masyn Winn,STL,6.3,19.0,0.11,0.301,0.253,0.31,0.363,0.297,91.0,1.6000000000000003,-3.9000000000000004,3.5,77.26466575665178,3.314814814814815,,67.0710921630401,42.389355463274555,10.05586592178771,80.44692737430168,56.98324022346369,31.0,27.0,0
Bryce Harper,PHI,12.1,20.9,0.226,0.292,0.261,0.357,0.487,0.361,131.0,1.4,22.800000000000004,3.5,119.94353919155768,3.580246913580247,,57.200764660478285,40.83387238457958,27.93103448275862,74.48275862068965,77.58620689655173,46.0,22.0,0
Jacob Wilson,ATH,5.2,7.5,0.134,0.317,0.311,0.355,0.444,0.348,121.0,-0.3,12.8,3.5,109.48307479252075,3.228395061728395,,76.84904794537171,15.288702885988656,14.91395793499044,71.12810707456978,72.27533460803059,7.0,2.0,0
Hunter Goodman,COL,5.7,26.3,0.243,0.331,0.278,0.323,0.52,0.359,118.0,-1.5,10.7,3.4,117.18673128445651,3.574074074074074,,66.51982363805115,52.21719353467225,32.12435233160622,75.64766839378238,94.30051813471502,31.0,10.0,0
Mookie Betts,LAD,9.2,10.299999999999999,0.148,0.258,0.258,0.326,0.406,0.318,104.0,-0.3,2.6999999999999993,3.4,91.97403912979208,4.092592592592593,,76.54523139052411,23.319263076465546,18.099547511312217,85.97285067873302,74.2081447963801,54.0,15.0,0
Tyler Soderstrom,ATH,8.799999999999999,22.6,0.198,0.327,0.276,0.346,0.474,0.354,125.0,-0.7,17.9,3.4,113.62615242735679,3.8518518518518516,,65.68343805501681,38.580052310166515,24.03846153846154,72.11538461538461,89.42307692307692,46.0,2.0,0
Dansby Swanson,CHC,7.3,26.0,0.173,0.298,0.244,0.3,0.417,0.31,99.0,4.8,4.3,3.3,86.60386518788816,3.9814814814814814,,63.62954274710267,48.36325500865054,22.325581395348838,78.13953488372093,71.62790697674419,52.0,6.0,0
Rafael Devers,2 Tms,15.4,26.3,0.227,0.307,0.252,0.372,0.479,0.365,135.0,-5.8999999999999995,24.5,3.3,122.66273656562774,4.5,,59.66747421275501,47.40409351756701,28.80658436213992,81.48148148148148,89.7119341563786,46.0,0.0,0
James Wood,WSN,12.3,32.1,0.219,0.35,0.256,0.35,0.475,0.353,127.0,-0.9,21.4,3.3,115.0692770572307,4.253086419753086,,49.3808843347858,60.15947431746703,26.99564586357039,75.76197387518143,81.8577648766328,46.0,31.0,0
Ernie Clement,TOR,4.6,10.4,0.121,0.296,0.277,0.313,0.398,0.308,98.0,1.1,-0.5999999999999996,3.2,86.19541855565542,3.6296296296296298,,80.80779731452665,21.884549845836126,9.183673469387756,84.6938775510204,51.0204081632653,1.0,30.0,0
Zach Neto,LAA,6.0,26.900000000000002,0.217,0.312,0.257,0.319,0.474,0.337,116.0,3.0,13.2,3.2,105.43182797730033,3.419753086419753,,60.819713966941094,52.178369597752805,28.15884476534296,88.8086642599278,67.14801444043322,52.0,14.0,0
Xander Bogaerts,SDP,8.7,17.0,0.128,0.299,0.263,0.328,0.391,0.313,104.0,1.4,3.999999999999999,3.2,89.14376656699845,3.4074074074074074,,73.57149227794864,34.84479850111552,11.956521739130435,68.47826086956522,57.608695652173914,12.0,24.0,0
Steven Kwan,CLE,7.9,8.7,0.102,0.283,0.272,0.33,0.374,0.31,99.0,0.5,-0.3999999999999986,3.2,85.85519272965895,4.277777777777778,,82.54348308993596,16.77820813227337,9.523809523809526,70.12987012987013,48.484848484848484,1.0,9.0,0
Trent Grisham,NYY,14.099999999999998,23.599999999999998,0.229,0.253,0.235,0.348,0.464,0.353,129.0,-3.0,16.9,3.2,111.94163305092788,3.5864197530864197,,70.09633172090575,50.186419148423695,35.111876075731494,89.84509466437177,76.41996557659208,46.0,20.0,0
Josh Naylor,2 Tms,7.9,13.700000000000001,0.168,0.315,0.295,0.353,0.462,0.351,128.0,0.6000000000000001,20.3,3.1,113.00079926713317,3.728395061728395,,75.9279194861363,29.387843999122577,19.867549668874172,80.4635761589404,91.3907284768212,23.0,0.0,0
Zach McKinstry,DET,9.0,21.7,0.179,0.314,0.259,0.333,0.438,0.333,114.0,4.4,12.6,3.1,101.43131400957782,3.154320987654321,,65.08691553409116,39.847339814351265,14.090019569471623,79.84344422700588,57.534246575342465,14.0,11.0,0
CJ Abrams,WSN,5.800000000000001,19.7,0.176,0.296,0.257,0.315,0.433,0.324,107.0,7.4,12.9,3.1,94.82267785650879,3.919753086419753,,69.48169667277425,38.072115408447154,17.95275590551181,86.92913385826772,56.69291338582677,52.0,31.0,0
Bryson Stott,PHI,9.6,16.3,0.134,0.288,0.257,0.328,0.391,0.315,100.0,3.8,3.8,3.1,89.14376656699845,3.45679012345679,,67.82180272339045,35.84078849658358,13.928571428571429,70.71428571428571,70.71428571428571,12.0,22.0,0
Ryan O'Hearn,2 Tms,10.7,20.0,0.156,0.33,0.281,0.366,0.437,0.349,127.0,-0.6,16.9,3.1,111.21744881126281,3.3580246913580245,,71.3135341157596,37.805914885787544,18.75,73.8970588235294,69.48529411764706,11.0,0.0,0
Ben Rice,NYY,9.4,18.9,0.244,0.271,0.255,0.337,0.499,0.358,133.0,-2.0,18.3,3.0,116.62347687582812,3.271604938271605,,65.83561884247271,34.323028928413336,29.433962264150942,83.77358490566037,73.58490566037736,46.0,20.0,0
Yandy D穩az,TBR,8.799999999999999,14.099999999999998,0.182,0.318,0.3,0.366,0.482,0.364,135.0,-1.0,25.5,3.0,121.5292274885451,4.018518518518518,,72.33485834756381,26.29123181480825,23.04147465437788,72.8110599078341,76.49769585253456,58.0,28.0,0
Brandon Nimmo,NYM,7.7,21.6,0.174,0.301,0.262,0.324,0.436,0.329,114.0,1.3,12.2,3.0,98.2415712516798,4.0246913580246915,,67.94097808818078,39.74826463155716,23.006134969325153,74.5398773006135,84.66257668711657,52.0,19.0,0
Trevor Story,BOS,5.0,26.900000000000002,0.17,0.33,0.263,0.308,0.433,0.32,101.0,7.8,8.6,3.0,92.6982233694571,4.037037037037037,,58.8886506255905,51.365557360476245,22.93577981651376,83.4862385321101,88.07339449541284,52.0,5.0,0
Jackson Chourio,MIL,5.1,20.5,0.193,0.308,0.27,0.308,0.463,0.328,111.0,3.1,11.0,2.9,99.57274248764531,3.6358024691358026,,66.5759378101738,39.29514941581649,21.39219015280136,89.64346349745331,79.45670628183362,52.0,17.0,0
Riley Greene,DET,7.000000000000001,30.7,0.235,0.323,0.258,0.313,0.493,0.343,121.0,-2.0,14.0,2.9,107.96472909658475,4.04320987654321,,54.60365122155568,52.76288743580019,32.97709923664122,76.94656488549619,101.6793893129771,46.0,11.0,0
Taylor Ward,LAA,11.3,26.400000000000002,0.247,0.257,0.228,0.317,0.475,0.339,117.0,-1.1,12.0,2.9,105.05399161827276,4.092592592592593,,63.620704501644326,45.75021220873613,32.57918552036199,77.82805429864253,93.21266968325791,46.0,14.0,0
Jake Cronenworth,SDP,13.4,20.8,0.131,0.299,0.246,0.367,0.377,0.333,117.0,-0.7,10.0,2.9,97.77190407303667,3.1790123456790123,,66.09910018322596,38.725948364288634,12.815533980582524,71.06796116504854,68.7378640776699,6.0,24.0,0
Randy Arozarena,SEA,9.0,26.900000000000002,0.188,0.298,0.238,0.334,0.426,0.332,120.0,-1.3,15.4,2.9,98.98499986045279,4.3765432098765435,,62.20720440929776,53.678358083969854,22.849083215796895,80.39492242595205,64.31593794076164,52.0,25.0,0
Brendan Donovan,STL,8.200000000000001,13.0,0.135,0.315,0.287,0.353,0.422,0.337,119.0,-0.5,10.8,2.9,103.83477377621557,3.1790123456790123,,71.71576459089835,26.710430121660497,11.650485436893204,74.5631067961165,58.25242718446602,11.0,27.0,0
TJ Friedl,CIN,11.799999999999999,16.8,0.117,0.301,0.261,0.364,0.378,0.333,109.0,1.8,8.8,2.8,97.09057421585885,4.228395061728395,,73.39519630542247,40.25207572166396,12.262773722627736,71.82481751824818,46.42335766423358,54.0,8.0,0
J.P. Crawford,SEA,11.3,18.7,0.105,0.318,0.265,0.352,0.37,0.322,113.0,-2.2,8.0,2.8,91.61544713987246,4.037037037037037,,72.380327227981,36.81348546743853,11.009174311926605,63.30275229357798,53.211009174311926,54.0,25.0,0
Ian Happ,CHC,13.100000000000001,22.8,0.178,0.288,0.243,0.342,0.42,0.333,116.0,-3.3,9.1,2.8,100.03804402201708,4.092592592592593,,61.318841316580006,39.834905477472816,20.81447963800905,78.73303167420815,71.49321266968326,46.0,6.0,0
Willson Contreras,STL,7.8,25.2,0.19,0.319,0.257,0.344,0.447,0.344,124.0,-2.5,13.3,2.8,106.83209822468696,3.4753086419753085,,60.99675789850198,50.23424017678377,21.314387211367674,74.60035523978685,85.2575488454707,52.0,27.0,0
Jorge Polanco,SEA,8.0,15.6,0.229,0.269,0.265,0.326,0.495,0.35,132.0,0.2,20.0,2.6,112.36844584708372,3.234567901234568,,70.56751727052173,31.63846899167356,29.770992366412212,73.2824427480916,89.31297709923665,1.0,25.0,0
Caleb Durbin,MIL,5.8999999999999995,9.9,0.13,0.265,0.256,0.334,0.387,0.319,105.0,2.3,5.300000000000001,2.6,90.04812500680815,3.123456790123457,,82.16564679812674,25.218840551992457,13.043478260869565,71.14624505928853,62.84584980237154,31.0,17.0,0
Carlos Correa,2 Tms,7.7,19.3,0.127,0.328,0.276,0.332,0.402,0.322,106.0,-3.0,1.3000000000000007,2.6,92.87839756960174,3.6049382716049383,,68.62994966803907,43.86903349436055,13.356164383561644,64.72602739726027,53.42465753424658,31.0,0.0,0
Seiya Suzuki,CHC,10.9,25.2,0.233,0.282,0.245,0.326,0.478,0.343,123.0,-0.5,16.9,2.6,108.47288501344377,4.018518518518518,,62.510910305543135,41.86476049860045,29.493087557603687,69.12442396313364,94.93087557603687,46.0,6.0,0
Gleyber Torres,DET,13.5,16.1,0.132,0.284,0.256,0.358,0.387,0.332,113.0,-3.4,6.1,2.6,97.3319689624139,3.876543209876543,,69.72993309324166,28.656533512511693,15.286624203821656,75.47770700636943,70.70063694267516,11.0,11.0,0
Xavier Edwards,MIA,7.9,14.2,0.07,0.33,0.283,0.343,0.353,0.308,95.0,3.5999999999999996,0.3000000000000007,2.5,84.98844482288033,3.8209876543209877,,71.3487938403461,31.30053271410418,2.9079159935379657,72.69789983844912,41.680129240710826,25.0,16.0,0
Christian Yelich,MIL,9.9,25.900000000000002,0.188,0.323,0.264,0.343,0.452,0.343,121.0,2.9,19.2,2.4,107.67435791290141,3.9753086419753085,,54.487530112367004,45.40297587920437,27.018633540372672,81.98757763975155,95.96273291925466,46.0,17.0,0
Jung Hoo Lee,SFG,7.6,11.5,0.141,0.291,0.266,0.327,0.407,0.32,107.0,3.5000000000000004,8.8,2.4,92.50668326521523,3.808641975308642,,76.8592407458234,22.9969751322324,7.779578606158832,70.98865478119936,53.48460291734198,21.0,26.0,0
Brent Rooker,ATH,9.3,22.2,0.217,0.302,0.262,0.335,0.479,0.349,122.0,-0.2,17.9,2.4,111.43347713406885,4.314814814814815,,64.6123054141434,36.80221756313979,25.751072961373392,78.96995708154506,76.39484978540773,46.0,2.0,0
Spencer Torkelson,DET,11.1,26.0,0.217,0.283,0.24,0.333,0.456,0.339,118.0,-0.5,13.0,2.3,105.55602548049077,4.006172839506172,,63.45804818193239,42.17236934693085,28.659476117103235,75.80893682588598,72.11093990755008,46.0,11.0,0
Mike Yastrzemski,2 Tms,12.9,19.400000000000002,0.17,0.263,0.233,0.333,0.403,0.321,106.0,1.8,5.7,2.3,93.41104170502494,3.4444444444444446,,70.28887566082744,40.051492093169095,18.27956989247312,73.11827956989248,49.46236559139785,58.0,0.0,0
Otto Lopez,MIA,7.3999999999999995,13.8,0.121,0.264,0.246,0.305,0.368,0.295,86.0,0.7,-9.0,2.3,76.8929514522653,3.6666666666666665,,74.46313876074666,25.901217658499263,15.151515151515152,66.66666666666667,77.77777777777777,12.0,16.0,0
Addison Barger,TOR,7.199999999999999,24.099999999999998,0.211,0.284,0.243,0.301,0.454,0.322,107.0,-0.3,3.7,2.2,95.38593226513719,3.0987654320987654,,68.95046095631221,45.42291307841554,25.099601593625497,72.90836653386454,88.44621513944223,52.0,30.0,0
Jose Altuve,HOU,8.4,16.7,0.177,0.283,0.265,0.329,0.442,0.331,113.0,-1.4000000000000001,8.9,2.1,101.13394256606867,4.037037037037037,,73.20038384297904,34.477187418318444,23.853211009174313,73.39449541284404,70.64220183486239,52.0,12.0,0
Marcus Semien,TEX,9.4,17.4,0.134,0.251,0.23,0.305,0.364,0.295,89.0,2.9,-4.0,2.1,75.97634890317353,3.2962962962962963,,76.27119376429796,34.68097997730116,16.853932584269664,69.66292134831461,69.66292134831461,12.0,29.0,0
Alec Burleson,STL,7.1,14.499999999999998,0.169,0.312,0.29,0.343,0.459,0.346,124.0,-1.0,14.9,2.1,109.27841237381202,3.3703703703703702,,74.40312013091363,25.027927536325343,19.78021978021978,59.34065934065934,75.82417582417582,41.0,27.0,0
J.T. Realmuto,PHI,6.4,23.5,0.127,0.321,0.257,0.315,0.384,0.307,94.0,0.7,-3.3000000000000007,2.1,83.59429663013474,3.3950617283950617,,62.08908212353928,46.28225104817681,13.090909090909092,62.18181818181818,56.72727272727273,31.0,22.0,0
Lawrence Butler,ATH,9.4,28.4,0.17,0.304,0.234,0.306,0.404,0.31,96.0,3.3,0.0,2.0,85.4458678922414,3.888888888888889,,52.83306325689527,44.090134360555346,20.0,79.04761904761905,60.0,31.0,2.0,0
Ryan McMahon,2 Tms,11.899999999999999,32.300000000000004,0.167,0.294,0.214,0.312,0.381,0.306,86.0,0.6000000000000001,-8.899999999999999,1.9,81.9963642238652,3.617283950617284,,56.04893617173265,59.690287754846096,20.477815699658702,63.48122866894198,54.26621160409557,34.0,0.0,0
Mike Trout,LAA,15.6,32.0,0.206,0.31,0.232,0.359,0.439,0.343,120.0,-0.5,12.4,1.8,109.55129559875702,3.432098765432099,,50.73153259825362,60.47108329071452,28.057553956834532,78.77697841726619,69.06474820143885,6.0,14.0,0
Josh Smith,TEX,9.8,17.8,0.115,0.295,0.251,0.335,0.366,0.311,100.0,1.9000000000000001,2.0999999999999996,1.8,85.53945512222666,3.4753086419753085,,68.61143894325505,34.71868567976737,10.657193605683837,74.60035523978685,37.300177619893425,57.0,29.0,0
Brandon Lowe,TBR,6.9,26.900000000000002,0.221,0.297,0.256,0.307,0.477,0.334,114.0,-1.8,7.4,1.7,102.47735791131625,3.4135802469135803,,60.3460430250997,49.68620026307493,33.634719710669074,85.71428571428571,90.05424954792043,52.0,28.0,0
Alec Bohm,PHI,5.800000000000001,16.3,0.123,0.324,0.287,0.331,0.409,0.322,105.0,-2.7999999999999994,0.09999999999999964,1.7,94.17895853236209,3.111111111111111,,72.89893243576941,33.27888798716499,13.095238095238095,63.095238095238095,70.23809523809524,41.0,22.0,0
Josh Jung,TEX,5.3,25.2,0.139,0.316,0.251,0.294,0.39,0.298,91.0,-1.6,-6.899999999999999,1.7,78.59583699261732,3.154320987654321,,63.74448540131952,46.20313098701101,16.438356164383563,62.23091976516634,71.62426614481409,50.0,29.0,0
Yainer Diaz,HOU,3.5,16.8,0.161,0.277,0.256,0.284,0.417,0.3,92.0,-1.7,-7.100000000000001,1.7,81.74796921748428,3.5,,68.84065933185387,37.11670188584452,21.164021164021165,59.25925925925926,74.07407407407408,31.0,12.0,0
Oneil Cruz,PIT,11.799999999999999,32.0,0.178,0.262,0.2,0.298,0.378,0.295,86.0,5.8,-3.5,1.6,77.060003337943,3.3580246913580245,,54.35568390777574,60.63657428261637,22.058823529411764,68.38235294117646,67.27941176470588,34.0,23.0,0
Vinnie Pasquantino,KCR,7.199999999999999,15.7,0.211,0.271,0.264,0.323,0.475,0.34,116.0,-4.6,8.0,1.4999999999999998,106.87495260717421,4.209876543209877,,73.30448060950482,30.80866395568184,28.1524926686217,63.34310850439883,99.41348973607037,1.0,13.0,0
Nolan Schanuel,LAA,10.5,12.6,0.125,0.286,0.264,0.353,0.389,0.327,109.0,-1.2,4.5,1.4,96.27280274620857,3.4814814814814814,,82.41825486532855,28.83752846748419,12.76595744680851,68.08510638297872,56.38297872340426,2.0,14.0,0
Ke'Bryan Hayes,2 Tms,6.3,19.5,0.07,0.289,0.235,0.29,0.306,0.266,65.0,-0.9,-24.6,1.4,58.133209469089394,3.5185185185185186,,70.83786280024867,42.24211798007521,5.263157894736841,52.63157894736842,51.578947368421055,41.0,0.0,0
Miguel Vargas,CHW,9.8,17.599999999999998,0.167,0.261,0.234,0.316,0.401,0.314,101.0,0.10000000000000003,0.7000000000000011,1.4,87.79335096192496,3.5123456790123457,,76.44236867248861,40.54814156188807,16.87170474516696,84.3585237258348,63.2688927943761,12.0,7.0,0
Joey Ortiz,MIL,5.3,14.6,0.087,0.26,0.23,0.276,0.317,0.263,67.0,2.5000000000000004,-17.5,1.4,56.404957504988396,3.123456790123457,,77.92034187435321,30.87245196202786,8.300395256916994,73.51778656126483,53.359683794466406,56.0,17.0,0
Michael Harris II,ATL,2.5,20.0,0.16,0.281,0.249,0.268,0.409,0.289,83.0,2.1,-11.0,1.4,75.05886814889693,3.95679012345679,,67.99711958188534,38.25446010142228,18.720748829953198,51.482059282371296,80.49921996879876,31.0,3.0,0
Gavin Sheets,SDP,8.1,19.6,0.177,0.284,0.252,0.317,0.429,0.323,111.0,-1.5,5.400000000000001,1.4,94.51306230371752,3.3641975308641974,,66.22101205116577,36.289728006997876,20.91743119266055,62.75229357798165,78.1651376146789,52.0,24.0,0
Lenyn Sosa,CHW,3.3000000000000007,23.3,0.17,0.309,0.264,0.293,0.434,0.313,100.0,-0.5,-0.8000000000000025,1.3,88.37497153447646,3.3580246913580245,,65.37136413078343,49.004817926632455,24.264705882352942,62.86764705882353,82.72058823529412,52.0,7.0,0
Matt McLain,CIN,9.5,28.9,0.124,0.292,0.22,0.3,0.343,0.286,77.0,3.4,-12.3,1.3,69.6467180296906,3.5617283950617282,,58.25782591619452,49.18766450709552,15.59792027729636,75.90987868284229,51.99306759098787,39.0,8.0,0
Chase Meidroth,CHW,8.9,14.299999999999999,0.067,0.291,0.253,0.329,0.32,0.294,87.0,-1.1,-9.100000000000001,1.3,73.17756481876994,3.117283950617284,,76.10388185331462,30.851485567116534,5.9405940594059405,64.15841584158416,27.32673267326733,7.0,7.0,0
Ozzie Albies,ATL,8.200000000000001,14.099999999999998,0.124,0.259,0.24,0.306,0.365,0.295,87.0,2.2,-8.2,1.3,76.50899303859671,4.117283950617284,,74.32673989811883,27.733508979335102,14.3928035982009,66.56671664167916,66.56671664167916,12.0,3.0,0
Jo Adell,LAA,5.800000000000001,26.400000000000002,0.249,0.257,0.236,0.293,0.485,0.333,112.0,0.6000000000000001,9.0,1.2,100.06165403539642,3.537037037037037,,61.12401229775966,46.84984829339219,38.7434554973822,65.96858638743456,102.61780104712042,6.0,14.0,0
Jackson Holliday,BAL,8.6,21.6,0.133,0.291,0.242,0.314,0.375,0.304,96.0,-2.6,-6.0,1.2,81.22844739652804,4.006172839506172,,64.31846126532443,40.136947698102475,15.716486902927581,64.71494607087827,50.847457627118644,31.0,4.0,0
Marcell Ozuna,ATL,15.899999999999999,24.3,0.168,0.28,0.232,0.355,0.4,0.334,114.0,-2.7,7.0,1.2,99.40044675251139,3.654320987654321,,63.49757877596921,53.95259540915015,21.283783783783782,61.82432432432432,68.91891891891892,6.0,3.0,0
Kyle Manzardo,CLE,9.0,25.4,0.221,0.265,0.234,0.313,0.455,0.329,113.0,-0.5,7.4,1.2,99.257004880213,3.2777777777777777,,58.71563340904373,42.08992811584518,30.508474576271187,53.10734463276836,79.09604519774011,52.0,9.0,0
Christian Walker,HOU,6.3,27.700000000000003,0.183,0.291,0.238,0.297,0.421,0.31,99.0,-1.9,-2.6999999999999993,1.1,86.60998724252917,3.950617283950617,,61.03762301284776,51.10699451515495,25.3125,67.5,82.5,52.0,12.0,0
Heliot Ramos,SFG,7.5,22.7,0.144,0.309,0.256,0.328,0.4,0.319,106.0,-2.6,2.6999999999999993,1.1,91.2061223024549,4.290123456790123,,60.90623423805763,38.27128664651487,18.1294964028777,73.38129496402878,59.568345323741006,31.0,26.0,0
Bryan Reynolds,PIT,8.7,26.5,0.157,0.319,0.245,0.318,0.402,0.315,99.0,0.4000000000000001,-0.1999999999999975,1.1,88.6294885954984,4.037037037037037,,55.33243367855124,45.06040529269265,14.678899082568808,62.38532110091743,66.97247706422019,31.0,23.0,0
Anthony Volpe,NYY,7.199999999999999,25.2,0.18,0.252,0.212,0.272,0.391,0.286,83.0,1.2,-10.899999999999999,1.1,72.14813067058499,3.6790123456790123,,61.460820965640835,45.98290404170114,19.12751677852349,65.43624161073825,72.48322147651007,39.0,20.0,0
Spencer Steer,CIN,9.0,22.7,0.173,0.277,0.238,0.312,0.411,0.316,97.0,-0.7,-2.6999999999999993,0.8999999999999999,88.8708833420534,3.506172839506173,,66.07314337119995,43.01060617986697,22.183098591549296,69.71830985915493,79.22535211267606,31.0,8.0,0
Jordan Beck,COL,7.3,29.599999999999994,0.158,0.351,0.258,0.317,0.416,0.319,90.0,-0.10000000000000003,-6.800000000000001,0.8999999999999999,91.5341040191693,3.6296296296296298,,55.908601143084525,51.513471752879724,16.3265306122449,63.265306122448976,54.08163265306123,14.0,10.0,0
Luis Arraez,SDP,5.0,3.1000000000000014,0.1,0.289,0.292,0.327,0.392,0.313,104.0,-0.4,2.8000000000000007,0.8999999999999999,89.06942370612114,4.166666666666667,,84.87911501102383,11.144916789132271,7.111111111111109,58.666666666666664,54.22222222222222,1.0,24.0,0
Lars Nootbaar,STL,11.0,20.4,0.128,0.279,0.234,0.325,0.361,0.304,96.0,-1.5,-4.199999999999999,0.8000000000000003,81.35876695435952,3.5987654320987654,,68.1763205362058,35.413160838200895,13.379073756432247,69.9828473413379,49.39965694682677,58.0,27.0,0
Paul Goldschmidt,NYY,6.7,18.7,0.129,0.325,0.274,0.328,0.403,0.316,103.0,-2.5,-0.3999999999999986,0.8000000000000003,91.89357421427373,3.2962962962962963,,68.26999435668456,35.350807157646194,11.235955056179776,85.3932584269663,50.561797752808985,42.0,20.0,0
Lourdes Gurriel Jr.,ARI,5.7,13.900000000000002,0.17,0.254,0.248,0.295,0.418,0.307,95.0,-0.7,-4.199999999999999,0.8000000000000003,85.31554833440988,3.3703703703703702,,80.58906701161402,35.15277576219678,20.87912087912088,57.142857142857146,87.91208791208791,31.0,1.0,0
Adolis Garc穩a,TEX,5.1,24.7,0.168,0.267,0.227,0.271,0.394,0.286,83.0,1.5,-9.599999999999998,0.8000000000000003,72.53208908425357,3.376543209876543,,67.85983316916465,50.9204726260145,20.840950639853748,63.61974405850091,82.26691042047533,5.0,29.0,0
Luis Garc穩a Jr.,WSN,5.1,16.0,0.16,0.27,0.252,0.289,0.412,0.3,91.0,-0.9,-6.5,0.6999999999999997,82.1196835218708,3.246913580246914,,73.23174916768681,31.53193045402672,18.250950570342205,76.42585551330798,75.2851711026616,12.0,31.0,0
Teoscar Hern獺ndez,LAD,4.8,24.5,0.207,0.283,0.247,0.284,0.454,0.315,102.0,-0.8,0.40000000000000036,0.6999999999999997,90.2265427965831,3.3703703703703702,,61.47805095646692,46.0760074809574,27.47252747252747,71.42857142857143,97.8021978021978,5.0,15.0,0
Brenton Doyle,COL,5.6000000000000005,25.7,0.143,0.292,0.235,0.276,0.378,0.284,66.0,1.3,-20.2,0.5,70.38314637863775,3.3209876543209877,,63.42813172855271,51.49160768157023,16.728624535315983,63.56877323420074,63.56877323420074,50.0,10.0,0
Salvador Perez,KCR,4.3999999999999995,19.5,0.209,0.251,0.236,0.284,0.446,0.311,95.0,-4.8,-8.2,0.5,88.39333769839959,3.95679012345679,,63.21626597166201,29.92068762426772,28.0811232449298,50.546021840873635,93.60374414976599,31.0,13.0,0
Brooks Lee,MIN,5.8999999999999995,17.5,0.133,0.258,0.236,0.285,0.37,0.286,81.0,-2.9,-15.0,0.2999999999999998,71.28138276380636,3.253086419753086,,71.05766818220275,37.45742918324076,18.216318785578746,56.92599620493359,72.86527514231499,39.0,18.0,0
Gavin Lux,CIN,11.1,22.7,0.105,0.351,0.269,0.35,0.374,0.322,102.0,0.0,0.8999999999999986,0.2999999999999998,91.92506269266376,3.1049382716049383,,63.6043352457963,47.69759460186571,5.964214711729621,58.4493041749503,63.220675944334,14.0,8.0,0
Trevor Larnach,MIN,9.3,21.5,0.153,0.295,0.25,0.323,0.404,0.317,102.0,-2.0,-0.8000000000000025,0.20000000000000018,90.60525736079548,3.5,,70.56252551301071,37.65456865670686,17.98941798941799,65.60846560846561,63.492063492063494,31.0,18.0,0
Josh Bell,WSN,10.7,16.5,0.182,0.249,0.239,0.326,0.421,0.326,109.0,-6.1,-0.3999999999999986,0.20000000000000018,95.41129868888616,3.2901234567901234,,65.71956117166332,29.865293620014175,24.765478424015008,60.78799249530957,70.91932457786116,1.0,31.0,0
Luis Rengifo,LAA,6.1,19.2,0.098,0.281,0.238,0.287,0.335,0.275,73.0,-0.5,-17.9,0.0,63.86809745555393,3.3395061728395063,,69.6896615522854,42.60820825028986,9.981515711645104,60.99815157116451,47.689463955637706,41.0,14.0,0
Agust穩n Ram穩rez,MIA,6.2,19.3,0.182,0.253,0.231,0.287,0.413,0.302,91.0,-0.9,-7.199999999999999,0.0,81.74184716284327,3.611111111111111,,71.37394204334313,38.03844438661995,21.53846153846154,73.84615384615384,68.71794871794872,31.0,16.0,0
Andrew McCutchen,PIT,12.2,21.4,0.128,0.289,0.239,0.333,0.367,0.309,95.0,-4.3,-7.300000000000001,-0.10000000000000009,85.16161876319907,3.4012345679012346,,66.38405193985697,34.59190887955148,14.156079854809438,55.53539019963702,62.06896551724138,58.0,23.0,0
Jonathan India,KCR,9.5,18.7,0.113,0.279,0.233,0.323,0.346,0.301,89.0,-2.6,-10.100000000000001,-0.2999999999999998,77.31452039896492,3.5,,65.83128604337907,34.42855700514393,9.523809523809526,66.66666666666667,47.61904761904762,57.0,13.0,0
Nathaniel Lowe,2 Tms,10.2,26.1,0.154,0.285,0.228,0.307,0.381,0.301,91.0,-4.2,-10.600000000000001,-0.3999999999999999,80.478896733114,3.759259259259259,,66.53090194929206,48.060176752817156,17.733990147783253,63.05418719211823,82.75862068965517,31.0,0.0,0
Eric Wagaman,MIA,6.2,19.5,0.128,0.296,0.25,0.296,0.378,0.293,85.0,-1.6,-10.700000000000003,-0.3999999999999999,76.45301634164252,3.1728395061728394,,68.94842525833987,39.561037085825134,10.505836575875486,65.36964980544747,61.86770428015564,31.0,16.0,0
Nick Castellanos,PHI,5.4,22.6,0.15,0.298,0.25,0.294,0.4,0.3,90.0,-1.8,-9.0,-0.6000000000000005,80.88734336534674,3.6358024691358026,,66.11654029250602,44.57320999026589,17.31748726655348,73.3446519524618,73.3446519524618,31.0,22.0,0
Aaron Judge,NYY,18.9,24.3,0.379,0.367,0.322,0.458,0.701,0.476,220.0,-0.5,96.0,11.3,199.63461888114114,4.345679012345679,,58.26880125809016,52.70255709045882,49.43181818181818,103.97727272727273,122.72727272727273,46.0,20.0,0
Bobby Witt Jr.,KCR,8.0,15.0,0.256,0.354,0.332,0.389,0.588,0.41,169.0,4.5,60.6,10.5,152.79954549693232,4.3765432098765435,,71.794299451107,29.412693812159112,27.080394922425953,105.78279266572638,92.24259520451339,46.0,13.0,0
Shohei Ohtani,LAD,11.1,22.2,0.336,0.336,0.31,0.39,0.646,0.431,180.0,9.7,79.4,8.9,166.3937759569131,4.512345679012346,,62.722265244383856,42.14262244726498,44.322845417236664,109.98632010943912,106.703146374829,46.0,15.0,0
Juan Soto,NYY,18.099999999999998,16.7,0.281,0.298,0.288,0.419,0.569,0.421,181.0,-3.9,62.2,8.3,157.55048833325364,4.401234567901234,,65.54606045318364,33.26245519878098,34.50210378681627,107.71388499298737,91.72510518934081,46.0,20.0,0
Gunnar Henderson,BAL,10.8,22.1,0.248,0.32,0.281,0.364,0.529,0.381,154.0,4.0,48.2,7.9,131.69232044407283,4.438271604938271,,60.44348640947109,40.6659857567293,30.876216968011125,98.47009735744089,76.77329624478442,56.0,4.0,0
Francisco Lindor,NYM,8.1,18.4,0.227,0.295,0.273,0.344,0.5,0.363,137.0,4.0,34.4,7.700000000000001,118.97708200015273,4.253086419753086,,71.59593366975514,33.60107050178188,28.737300435413644,93.17851959361393,79.24528301886792,3.0,19.0,0
Jarren Duran,BOS,7.3,21.8,0.207,0.345,0.285,0.342,0.492,0.357,131.0,8.3,34.2,6.8,116.53688990566877,4.537037037037037,,62.19895813072901,46.83018348399648,17.142857142857142,90.61224489795919,61.224489795918366,3.0,5.0,0
Elly De La Cruz,CIN,9.9,31.3,0.212,0.359,0.259,0.339,0.471,0.349,119.0,7.5,23.5,6.5,110.81424602848627,4.296296296296297,,50.521548870087855,58.60422896828329,21.551724137931036,90.51724137931035,65.51724137931035,46.0,8.0,0
Jos矇 Ram穩rez,CLE,7.9,12.0,0.258,0.265,0.279,0.335,0.537,0.364,141.0,6.3,38.6,6.5,124.72421409589943,4.209876543209877,,76.68087057436577,26.32400725623888,34.3108504398827,100.29325513196481,103.81231671554252,3.0,9.0,0
Ketel Marte,ARI,11.1,18.2,0.268,0.299,0.292,0.372,0.56,0.391,152.0,0.9000000000000001,36.9,6.3,141.22393818473594,3.5987654320987654,,71.14207502750615,37.01784661197864,37.04974271012007,95.71183533447685,97.77015437392797,0.0,1.0,0
William Contreras,MIL,11.5,20.5,0.185,0.33,0.281,0.365,0.466,0.359,132.0,-2.6,23.1,5.5,117.55932379402782,4.191358024691358,,61.41198854472023,36.71474328773534,20.3240058910162,87.48159057437408,81.2960235640648,46.0,17.0,0
Matt Chapman,SFG,9.9,24.4,0.216,0.293,0.247,0.328,0.463,0.34,121.0,3.7,19.7,5.4,105.64261245065012,3.993827160493827,,63.08750324721149,45.65773151321935,25.038639876352395,90.88098918083462,72.3338485316847,46.0,26.0,0
Cal Raleigh,SEA,11.1,28.000000000000004,0.216,0.251,0.22,0.312,0.436,0.323,118.0,-2.6,10.0,5.4,94.59964927387689,3.876543209876543,,55.23651957161788,51.92813666868655,32.48407643312102,69.7452229299363,95.54140127388536,6.0,25.0,0
Jackson Merrill,SDP,4.9,17.0,0.208,0.318,0.292,0.326,0.5,0.352,130.0,3.7,24.7,5.3,113.51419903344846,3.6604938271604937,,65.5598954485064,33.883759429978596,24.283305227655987,77.90893760539629,91.06239460370995,31.0,24.0,0
Vladimir Guerrero Jr.,TOR,10.299999999999999,13.8,0.221,0.342,0.323,0.396,0.544,0.398,164.0,-5.6000000000000005,45.8,5.3,144.84137194397465,4.302469135802469,,68.51629733589607,35.65637315307317,25.82496413199426,84.36154949784792,88.66571018651364,56.0,30.0,0
Yordan Alvarez,HOU,10.9,15.0,0.259,0.317,0.308,0.392,0.567,0.402,167.0,-2.9,45.8,5.2,148.89786260865128,3.919753086419753,,76.01054578395605,32.25391479378962,33.07086614173228,83.14960629921259,81.25984251968504,56.0,12.0,0
Brent Rooker,OAK,9.6,28.799999999999997,0.269,0.362,0.293,0.365,0.562,0.392,164.0,0.8,45.5,5.1,139.55778497223008,3.7901234567901234,,52.64280569013062,50.94075996593615,38.11074918566775,80.13029315960912,109.44625407166124,56.0,21.0,0
Bryce Harper,PHI,12.0,21.9,0.24,0.331,0.285,0.373,0.525,0.38,144.0,-0.5,32.5,5.1,133.50715937833323,3.8950617283950617,,59.388115594791635,43.33232744119321,28.526148969889064,80.82408874801902,82.72583201267828,46.0,22.0,0
Willy Adames,MIL,10.8,25.1,0.211,0.297,0.251,0.331,0.462,0.342,120.0,1.2,17.9,4.8,106.32394230782793,4.246913580246914,,60.48284303781797,43.44008008485865,27.906976744186046,81.1046511627907,97.67441860465117,46.0,17.0,0
Marcell Ozuna,ATL,10.8,24.7,0.244,0.359,0.302,0.378,0.546,0.395,154.0,-4.6,40.2,4.7,139.83679025181618,4.246913580246914,,63.81976816688714,45.26269446497997,34.01162790697674,83.72093023255815,90.69767441860465,56.0,3.0,0
Corey Seager,TEX,9.9,18.0,0.234,0.291,0.278,0.353,0.512,0.365,142.0,-5.2,20.3,4.6,124.45833113078022,3.2901234567901234,,68.33520211147065,34.5768120143109,33.771106941838646,76.54784240150094,83.30206378986867,46.0,29.0,0
Jurickson Profar,SDP,11.4,15.1,0.179,0.302,0.28,0.38,0.459,0.365,139.0,-0.8,30.3,4.3,120.5076718053709,4.1234567901234565,,72.20101146792595,30.553907930290837,21.55688622754491,84.4311377245509,76.34730538922156,46.0,24.0,0
Corbin Carroll,ARI,10.7,19.0,0.197,0.256,0.231,0.322,0.428,0.325,107.0,11.099999999999998,16.9,4.3,95.8013791571958,4.222222222222222,,63.05161292777398,38.620025354702506,19.29824561403509,106.14035087719299,64.91228070175438,46.0,1.0,0
Mookie Betts,LAD,11.799999999999999,11.0,0.202,0.294,0.289,0.372,0.491,0.371,140.0,0.6000000000000001,25.0,4.3,125.41254421290304,3.185185185185185,,78.36888658245269,25.119096875497547,22.093023255813954,87.20930232558139,87.20930232558139,11.0,15.0,0
Marcus Semien,TEX,8.9,14.6,0.154,0.25,0.237,0.308,0.391,0.306,101.0,1.5,2.0,4.3,83.07389660399363,4.432098765432099,,74.05813877594416,32.432018703506216,19.220055710306408,84.40111420612813,61.83844011142061,31.0,29.0,0
Rafael Devers,BOS,11.1,24.5,0.244,0.323,0.272,0.354,0.516,0.364,136.0,-0.9,23.700000000000003,4.2,125.6784271780222,3.7098765432098766,,62.55587808295299,46.235749443305835,27.95341098169717,86.85524126455907,82.86189683860233,46.0,5.0,0
Dansby Swanson,CHC,9.1,24.3,0.148,0.3,0.242,0.312,0.39,0.307,97.0,4.4,2.5999999999999996,4.2,84.05871995932166,3.6604938271604937,,61.600886237715976,43.951234341435494,16.188870151770658,82.96795952782462,66.77908937605396,31.0,6.0,0
Steven Kwan,CLE,9.8,9.4,0.133,0.304,0.292,0.368,0.425,0.349,131.0,0.2,19.3,4.2,109.07462816028799,3.3333333333333335,,79.05888546748119,25.20066644136117,15.555555555555555,92.22222222222223,48.888888888888886,7.0,9.0,0
Alex Bregman,HOU,6.9,13.600000000000001,0.193,0.264,0.26,0.315,0.453,0.331,117.0,-2.3,10.2,4.2,99.4056906019676,3.9135802469135803,,71.43504053626363,26.403419480082302,24.605678233438486,74.76340694006309,70.97791798107255,1.0,12.0,0
Jazz Chisholm Jr.,2 Tms,8.5,24.5,0.18,0.309,0.256,0.324,0.436,0.327,111.0,6.2,13.8,4.0,98.2415712516798,3.8333333333333335,,61.323088180524515,43.26269178180509,23.18840579710145,71.4975845410628,70.53140096618357,52.0,0.0,0
Julio Rodr穩guez,SEA,6.2,25.4,0.136,0.344,0.273,0.325,0.409,0.321,116.0,2.0,13.3,4.0,92.35799754346066,3.7839506172839505,,56.796045523529564,46.64748242904497,19.575856443719413,74.38825448613377,66.557911908646,52.0,25.0,0
Freddie Freeman,LAD,12.2,15.7,0.194,0.306,0.282,0.378,0.476,0.365,136.0,-1.5,25.8,3.9,123.79624564271037,3.9382716049382718,,74.51589935445729,30.487038142470343,20.689655172413794,76.17554858934169,83.69905956112852,11.0,15.0,0
Riley Greene,DET,11.0,26.700000000000003,0.217,0.329,0.262,0.348,0.479,0.355,134.0,-0.2,22.4,3.9,115.378892610022,3.6049382716049383,,65.0805814322344,42.73153869930427,24.65753424657534,84.24657534246575,76.02739726027397,46.0,11.0,0
Jackson Chourio,MIL,6.800000000000001,21.099999999999998,0.189,0.32,0.275,0.327,0.464,0.339,118.0,4.0,16.3,3.9,105.56826958977284,3.537037037037037,,72.10732213822959,42.1306710525564,21.98952879581152,83.7696335078534,82.72251308900523,31.0,17.0,0
Nico Hoerner,CHC,6.9,10.299999999999999,0.1,0.297,0.273,0.335,0.373,0.313,102.0,4.999999999999999,6.4,3.9,87.14350958313722,3.95679012345679,,82.1319026225044,24.174107813507234,6.5522620904836195,80.49921996879876,44.92979719188767,1.0,6.0,0
Jose Altuve,HOU,6.9,17.4,0.145,0.337,0.295,0.35,0.439,0.344,127.0,-0.7,20.1,3.9,106.81985411540484,4.209876543209877,,69.95455752483376,34.27432715948665,17.59530791788856,82.69794721407625,57.18475073313783,51.0,12.0,0
Trea Turner,PHI,5.0,18.2,0.174,0.331,0.295,0.338,0.469,0.349,123.0,2.6,17.3,3.9,110.0524512557902,3.3271604938271606,,71.27279270638734,41.64686452995272,23.376623376623378,97.95918367346938,69.01669758812616,51.0,22.0,0
Eugenio Su獺rez,ARI,7.7,27.500000000000004,0.214,0.309,0.256,0.319,0.469,0.337,115.0,-1.1,10.7,3.8,104.28607479093559,3.950617283950617,,57.13361681963194,50.46835700078375,28.125,84.375,94.6875,46.0,1.0,0
Colton Cowser,BAL,9.3,30.7,0.204,0.317,0.242,0.321,0.447,0.331,119.0,1.1,13.1,3.8,99.85174776723143,3.462962962962963,,57.00271496130813,58.44602809803231,25.668449197860962,82.3529411764706,73.79679144385027,6.0,4.0,0
Ezequiel Tovar,COL,3.3000000000000007,28.799999999999997,0.2,0.344,0.269,0.295,0.469,0.324,94.0,0.10000000000000003,-4.6,3.7,97.00223083532981,4.290123456790123,,55.84421610209269,48.75979195934882,22.446043165467625,71.65467625899281,67.33812949640287,52.0,10.0,0
Masyn Winn,STL,6.4,17.1,0.148,0.303,0.267,0.314,0.416,0.315,104.0,2.2,5.099999999999999,3.6,90.62362352471858,3.932098765432099,,70.25485869430115,34.643711153613474,14.128728414442698,80.06279434850863,53.68916797488226,31.0,27.0,0
Oneil Cruz,PIT,8.5,30.2,0.19,0.347,0.259,0.324,0.449,0.331,110.0,5.2,12.7,3.6,101.22052953622801,3.697530864197531,,57.48293229664825,57.744606471612606,21.035058430717864,72.12020033388981,76.12687813021702,52.0,23.0,0
Brenton Doyle,COL,7.6,25.4,0.186,0.316,0.26,0.317,0.446,0.328,97.0,5.4,3.0,3.6,98.40862313735752,3.7222222222222223,,59.3986086681024,47.41051720140438,22.885572139303484,81.59203980099502,71.64179104477611,52.0,10.0,0
Ian Happ,CHC,12.2,25.6,0.199,0.299,0.243,0.341,0.441,0.341,121.0,1.3,17.5,3.6,104.54671390659857,4.055555555555555,,59.77559287340651,48.637428935540065,22.831050228310502,81.27853881278538,78.53881278538813,46.0,6.0,0
Zach Neto,LAA,6.5,23.3,0.194,0.295,0.249,0.318,0.443,0.33,115.0,1.8,12.0,3.5,98.02466472368894,3.7160493827160495,,68.10020742084131,43.16536035387064,22.92358803986711,69.76744186046511,76.74418604651163,52.0,14.0,0
Manny Machado,SDP,7.000000000000001,19.3,0.197,0.302,0.275,0.325,0.472,0.34,122.0,-0.4,16.3,3.5,106.79448769165587,3.9691358024691357,,63.26549304412794,33.27104669117928,27.060653188180403,71.85069984447901,97.97822706065318,31.0,24.0,0
Anthony Volpe,NYY,6.1,22.6,0.121,0.303,0.243,0.293,0.364,0.287,87.0,4.999999999999999,-5.0,3.5,72.33442692537065,4.253086419753086,,63.778582808203105,42.04231067690027,10.449927431059507,78.3744557329463,52.249637155297535,31.0,20.0,0
Seiya Suzuki,CHC,10.8,27.400000000000002,0.199,0.37,0.283,0.366,0.482,0.365,137.0,-0.8,24.9,3.5,121.5292274885451,3.611111111111111,,63.49830047875777,49.84481737094414,21.53846153846154,75.8974358974359,74.87179487179488,21.0,6.0,0
Alec Bohm,PHI,6.6000000000000005,14.2,0.168,0.305,0.28,0.332,0.448,0.335,113.0,-2.6,7.1,3.4,103.419326884157,3.740740740740741,,75.06140041512933,33.139790983101264,14.851485148514852,61.386138613861384,96.03960396039604,11.0,22.0,0
Teoscar Hern獺ndez,LAD,8.1,28.799999999999997,0.229,0.344,0.272,0.339,0.501,0.36,132.0,0.6000000000000001,25.6,3.4,117.68876514667453,4.0246913580246915,,57.21707399417822,50.13336783034198,30.368098159509202,77.30061349693251,91.1042944785276,46.0,15.0,0
Isaac Paredes,2 Tms,11.899999999999999,16.400000000000002,0.155,0.259,0.238,0.346,0.393,0.327,116.0,-0.8,11.1,3.4,95.06495080824865,3.95679012345679,,69.910413468214,38.110792156577126,17.784711388455538,59.90639625585023,74.88299531981279,54.0,0.0,0
Kyle Schwarber,PHI,15.299999999999999,28.499999999999996,0.237,0.301,0.248,0.366,0.485,0.366,134.0,-2.4,25.7,3.3,122.21667940036394,4.271604938271605,,55.901917501790294,56.379407270525235,32.947976878612714,95.3757225433526,90.17341040462428,46.0,22.0,0
Salvador Perez,KCR,6.7,19.8,0.185,0.302,0.271,0.33,0.456,0.335,117.0,-5.6000000000000005,6.7,3.2,104.64554498604004,4.0246913580246915,,70.35868810191033,36.634449641547285,24.846625766871167,53.374233128834355,95.70552147239263,52.0,13.0,0
Anthony Santander,BAL,8.7,19.400000000000002,0.271,0.225,0.235,0.308,0.506,0.345,128.0,-2.7,18.8,3.2,109.42621989038174,4.104938271604938,,68.57322846890868,36.419041594859706,39.69924812030075,82.10526315789474,92.03007518796993,46.0,4.0,0
JJ Bleday,OAK,10.4,19.5,0.194,0.279,0.243,0.324,0.437,0.33,120.0,-2.6,12.1,3.2,98.47072188895271,3.962962962962963,,68.81343232225841,41.407114131829324,18.69158878504673,69.1588785046729,56.074766355140184,52.0,21.0,0
Joey Ortiz,MIL,11.0,20.200000000000003,0.159,0.283,0.239,0.329,0.398,0.319,105.0,-0.2,2.6999999999999993,3.2,91.05131452605929,3.154320987654321,,64.86099652583093,44.16772776969742,12.915851272015656,68.10176125244618,70.45009784735812,14.0,17.0,0
Nolan Arenado,STL,6.9,14.499999999999998,0.123,0.296,0.272,0.325,0.394,0.314,103.0,-2.1,-0.09999999999999964,3.2,88.92073798436655,3.919753086419753,,67.48853668486166,29.235392751014587,15.118110236220472,66.14173228346456,67.08661417322834,2.0,27.0,0
Brendan Donovan,STL,7.199999999999999,12.4,0.14,0.3,0.278,0.342,0.417,0.332,115.0,-1.8,10.0,3.2,99.35059211019825,4.0246913580246915,,81.76810634309605,26.18213189981559,12.883435582822086,59.8159509202454,67.17791411042944,2.0,27.0,0
Daulton Varsho,TOR,9.4,26.700000000000003,0.194,0.262,0.214,0.293,0.407,0.304,99.0,1.6000000000000003,0.8000000000000007,3.1,82.18790432810708,3.1666666666666665,,60.35069409322624,49.1491208404111,21.05263157894737,85.38011695906432,67.83625730994152,39.0,30.0,0
Wyatt Langford,TEX,9.2,20.599999999999998,0.162,0.296,0.253,0.325,0.415,0.321,111.0,4.4,11.6,3.1,93.7329013670983,3.4382716049382718,,67.89470178342528,41.15494123622265,17.235188509874327,79.71274685816876,79.71274685816876,52.0,29.0,0
Tyler Stephenson,CIN,9.3,22.7,0.186,0.307,0.258,0.338,0.444,0.339,113.0,-3.4,4.6,3.1,104.32368532396667,3.1790123456790123,,60.76214922171021,40.90484487596722,22.135922330097088,80.3883495145631,76.89320388349515,11.0,8.0,0
Christian Walker,ARI,10.0,24.099999999999998,0.217,0.287,0.251,0.335,0.468,0.343,120.0,-3.2,9.7,3.1,108.91282012406656,3.4074074074074074,,64.68252416474033,47.013348295618364,28.26086956521739,78.26086956521739,91.30434782608695,46.0,1.0,0
Luis Garc穩a Jr.,WSN,5.1,16.3,0.162,0.31,0.282,0.318,0.444,0.328,110.0,0.5,7.0,3.0,98.25381536096187,3.259259259259259,,77.03346915877157,29.103569002803482,20.454545454545453,65.9090909090909,79.54545454545455,41.0,31.0,0
Yainer Diaz,HOU,3.900000000000001,17.299999999999997,0.142,0.338,0.299,0.325,0.441,0.329,116.0,-1.6,9.7,3.0,99.69081793619475,3.8209876543209877,,70.66680012449214,29.979219131806317,15.508885298869144,67.8513731825525,81.42164781906301,2.0,12.0,0
Nathaniel Lowe,TEX,12.6,22.1,0.136,0.324,0.265,0.361,0.401,0.337,123.0,-0.8,13.8,2.9,101.45055837868577,3.4876543209876543,,61.61138902450021,40.85249691073271,16.991150442477878,65.84070796460178,73.27433628318585,11.0,29.0,0
Carlos Santana,MIN,10.9,16.7,0.182,0.252,0.238,0.328,0.42,0.326,113.0,-1.0,7.8,2.9,95.7891350479137,3.6666666666666665,,72.78232062311892,32.57554263712462,23.232323232323232,63.63636363636363,71.71717171717172,1.0,18.0,0
Willi Castro,MIN,8.0,23.599999999999998,0.138,0.315,0.247,0.331,0.385,0.317,106.0,-0.6,3.999999999999999,2.9,88.67934323781155,3.919753086419753,,65.87304134768412,42.93712605952643,11.338582677165354,84.09448818897638,56.69291338582677,31.0,18.0,0
Josh Smith,TEX,7.8,20.4,0.136,0.311,0.258,0.337,0.394,0.323,112.0,-0.6,7.8,2.9,92.56265996216943,3.654320987654321,,66.55874806051898,39.19944732907518,13.175675675675675,67.9054054054054,62.83783783783784,31.0,29.0,0
Jonathan India,CIN,12.6,19.6,0.144,0.293,0.248,0.357,0.392,0.333,109.0,0.0,6.8,2.9,98.17422865062835,3.932098765432099,,71.41519415838047,36.926867225807044,14.128728414442698,79.12087912087912,54.631083202511775,54.0,8.0,0
Taylor Ward,LAA,9.5,24.6,0.179,0.294,0.246,0.323,0.426,0.325,112.0,-2.6,6.3,2.8,95.64657138080015,4.092592592592593,,62.9254841123526,43.1211630141338,22.624434389140273,66.0633484162896,67.87330316742081,52.0,14.0,0
Brandon Nimmo,NYM,11.600000000000001,23.799999999999997,0.175,0.267,0.224,0.327,0.399,0.321,108.0,2.5000000000000004,9.1,2.8,90.67347816703173,4.092592592592593,,67.04269611259701,43.13872595055701,20.81447963800905,79.63800904977376,81.44796380090497,31.0,19.0,0
Andr矇s Gim矇nez,CLE,4.1000000000000005,15.299999999999999,0.087,0.286,0.252,0.298,0.34,0.281,83.0,2.2,-9.899999999999995,2.8,68.35227912157129,3.9074074074074074,,74.04027022748357,37.06525919075653,8.530805687203792,60.66350710900474,59.71563981042654,42.0,9.0,0
Jeremy Pe簽a,HOU,3.8,17.1,0.128,0.301,0.266,0.308,0.394,0.305,99.0,2.2,1.5,2.7,83.76134851581244,4.012345679012346,,67.37576046502669,33.19874248019188,13.846153846153847,72.0,64.61538461538461,31.0,12.0,0
Adley Rutschman,BAL,9.1,16.1,0.14,0.272,0.25,0.318,0.391,0.309,103.0,-3.0,-1.0,2.7,86.10883158549605,3.9382716049382718,,70.8316783168297,32.0639822139061,17.86833855799373,63.94984326018809,74.29467084639498,31.0,4.0,0
Jacob Young,WSN,5.800000000000001,19.6,0.075,0.321,0.256,0.316,0.331,0.29,84.0,4.3,-5.5,2.7,71.75280635281915,3.2160493827160495,,66.42192314983278,38.62731437870379,3.454894433781188,86.37236084452975,41.45873320537428,41.0,31.0,0
Matt Olson,ATL,10.4,24.8,0.21,0.293,0.247,0.333,0.457,0.339,117.0,-3.6,10.6,2.6,105.78517611776368,4.228395061728395,,65.60128589930491,52.25029893083541,25.401459854014597,68.32116788321167,85.83941605839416,52.0,3.0,0
Will Smith,LAD,9.4,19.3,0.185,0.273,0.248,0.327,0.433,0.326,109.0,-1.2,4.7,2.6,98.46459983431168,3.3580246913580245,,71.65621256896094,35.9734404303935,22.058823529411764,84.92647058823529,82.72058823529412,1.0,15.0,0
Brice Turang,MIL,8.1,17.0,0.095,0.3,0.254,0.316,0.349,0.294,88.0,7.300000000000001,-1.4999999999999982,2.6,75.87751782373206,3.8209876543209877,,72.49211637587341,35.49559921599952,6.78513731825525,69.78998384491115,55.25040387722132,54.0,17.0,0
Matt Vierling,DET,7.199999999999999,21.3,0.166,0.303,0.257,0.312,0.423,0.317,107.0,2.8,7.3,2.3,91.62069098932868,3.5,,64.8302127630398,42.269490722908735,16.93121693121693,84.65608465608466,60.317460317460316,52.0,11.0,0
Heliot Ramos,SFG,7.1,26.1,0.2,0.329,0.269,0.322,0.469,0.339,120.0,-0.6,11.6,2.3,105.19655528538632,3.197530864197531,,58.34443361548911,48.8649600788875,25.482625482625483,62.54826254826255,83.3976833976834,52.0,26.0,0
Josh Naylor,CLE,9.2,16.6,0.213,0.246,0.243,0.32,0.456,0.332,118.0,-2.5,10.8,2.3,101.61061000453762,3.9074074074074074,,73.71333573424599,29.66932081499001,29.38388625592417,79.62085308056872,102.3696682464455,1.0,9.0,0
Michael Busch,CHC,11.1,28.599999999999998,0.192,0.322,0.248,0.335,0.44,0.336,118.0,-1.6,10.3,2.2,102.49660228042421,3.5,,57.35541045970568,53.20529449837975,22.22222222222222,77.24867724867725,68.78306878306879,18.0,6.0,0
Bryan Reynolds,PIT,8.200000000000001,22.5,0.172,0.33,0.275,0.344,0.447,0.343,118.0,1.0,16.1,2.2,106.83209822468696,4.271604938271605,,61.70711076579066,37.75192442581771,20.809248554913296,63.29479768786127,76.30057803468208,52.0,23.0,0
Logan O'Hoppe,LAA,6.3,29.7,0.165,0.318,0.244,0.303,0.409,0.311,102.0,-4.7,-3.8000000000000007,2.1,85.68114058415534,3.2222222222222223,,57.792957732087885,54.49293668820556,22.988505747126435,73.5632183908046,64.36781609195403,5.0,14.0,0
Lourdes Gurriel Jr.,ARI,5.2,18.3,0.156,0.313,0.279,0.322,0.435,0.327,108.0,-0.7,4.8,2.1,97.40543361810636,3.4135802469135803,,64.50687875766135,37.70450940032872,19.529837251356238,78.11934900542495,81.374321880651,52.0,1.0,0
Cody Bellinger,CHC,7.9,15.6,0.161,0.287,0.266,0.325,0.426,0.322,108.0,1.4,6.7,2.1,96.25355837710063,3.5123456790123457,,71.22884486406099,29.587508700854674,18.98066783831283,75.92267135325132,82.24956063268893,21.0,6.0,0
Jake Cronenworth,SDP,9.3,18.0,0.149,0.274,0.241,0.324,0.39,0.315,105.0,0.10000000000000003,3.999999999999999,2.1,87.70064193712454,4.049382716049383,,69.87611703913922,38.28183204684562,15.548780487804878,65.85365853658537,75.91463414634147,31.0,24.0,0
Pete Alonso,NYM,10.100000000000001,24.7,0.219,0.276,0.24,0.329,0.459,0.34,121.0,-4.2,13.5,2.1,105.02950339970863,4.290123456790123,,58.370392007292814,39.785052713059876,29.35251798561151,78.56115107913669,75.97122302158273,46.0,19.0,0
Randy Arozarena,2 Tms,11.3,26.1,0.169,0.275,0.219,0.332,0.388,0.32,114.0,-1.1,9.4,2.0,89.6702886477806,4.0,,67.06288930736909,51.25689839584544,18.51851851851852,71.29629629629629,55.55555555555556,31.0,0.0,0
Shea Langeliers,OAK,7.7,27.200000000000003,0.226,0.252,0.224,0.288,0.45,0.315,109.0,-2.7999999999999994,3.0,2.0,90.5239142400923,3.2962962962962963,,57.74954211644503,49.26384656735705,32.58426966292135,65.1685393258427,89.88764044943821,6.0,21.0,0
Jake Meyers,HOU,6.800000000000001,22.8,0.141,0.263,0.219,0.286,0.36,0.285,85.0,2.2,-6.699999999999999,1.9,69.29336988922721,3.1666666666666665,,62.102284817211725,40.47311919970104,15.2046783625731,59.64912280701754,71.34502923976608,39.0,12.0,0
Yandy D穩az,TBR,8.1,15.299999999999999,0.133,0.314,0.281,0.341,0.414,0.331,120.0,-3.6,10.8,1.9,98.35964670022919,3.8333333333333335,,70.25304980005164,28.088648438693866,13.526570048309178,53.14009661835749,62.80193236714976,2.0,28.0,0
Ryan McMahon,COL,10.7,28.7,0.155,0.32,0.242,0.325,0.397,0.315,88.0,-2.7,-11.7,1.9,89.60818989618538,3.9814814814814814,,59.21288020899111,56.871617317896366,18.6046511627907,63.25581395348837,60.46511627906977,31.0,10.0,0
CJ Abrams,WSN,6.6000000000000005,21.3,0.187,0.285,0.246,0.314,0.433,0.322,106.0,1.6000000000000003,6.1,1.9,94.51918435835856,3.7160493827160495,,65.51692001058564,36.383537355717976,19.93355481727575,78.7375415282392,64.78405315614619,52.0,31.0,0
Gleyber Torres,NYY,9.8,20.5,0.121,0.306,0.257,0.33,0.378,0.313,105.0,-4.6,-0.6999999999999993,1.8,86.7717952787507,4.104938271604938,,67.06729003734287,36.906569784826885,13.533834586466165,72.18045112781955,56.8421052631579,31.0,20.0,0
Bryson Stott,PHI,9.3,16.3,0.111,0.275,0.245,0.315,0.356,0.296,87.0,4.6,-4.299999999999999,1.8,77.1780787864924,3.5246913580246915,,66.09066545586306,31.308947165163556,11.558669001751314,68.30122591943957,59.89492119089317,12.0,22.0,0
Colt Keith,DET,6.5,19.8,0.12,0.306,0.26,0.309,0.38,0.301,95.0,0.3,-2.5999999999999996,1.7,80.85673309214152,3.432098765432099,,62.973340865694695,38.93207602654585,14.028776978417266,58.273381294964025,65.8273381294964,31.0,11.0,0
Jes繳s S獺nchez,MIA,7.6,26.1,0.166,0.315,0.252,0.313,0.417,0.317,101.0,0.7,1.5999999999999996,1.6,90.54928066384127,3.314814814814815,,59.960426217847015,48.417263831292765,20.11173184357542,67.0391061452514,71.50837988826815,52.0,16.0,0
Spencer Steer,CIN,11.0,20.9,0.178,0.26,0.225,0.319,0.402,0.316,98.0,4.5,2.6999999999999993,1.6,88.93298209364863,4.049382716049383,,69.58515707755798,36.77593204232601,18.29268292682927,67.6829268292683,84.14634146341463,31.0,8.0,0
Sal Frelick,MIL,7.3999999999999995,14.899999999999999,0.076,0.306,0.259,0.32,0.335,0.292,87.0,3.3,-5.100000000000001,1.4999999999999998,73.88338289451188,3.234567901234568,,77.83596859854684,29.82977658609737,2.2900763358778633,75.57251908396947,36.6412213740458,7.0,17.0,0
Vinnie Pasquantino,KCR,7.199999999999999,12.8,0.183,0.265,0.262,0.315,0.446,0.325,109.0,-1.4000000000000001,4.4,1.4999999999999998,97.80163614105703,3.419753086419753,,72.33973751693455,25.33671046671664,20.577617328519857,69.31407942238268,105.05415162454874,1.0,13.0,0
Ryan Mountcastle,BAL,5.3,22.5,0.154,0.327,0.271,0.308,0.425,0.316,107.0,-0.8,3.5,1.4,90.86501827127358,3.1296296296296298,,65.91181779556436,40.61703763602988,15.384615384615387,63.905325443786985,74.55621301775147,52.0,4.0,0
Jake Burger,MIA,5.4,25.900000000000002,0.209,0.292,0.25,0.301,0.46,0.325,107.0,-0.7,4.2,1.4,96.76083608877481,3.574074074074074,,64.9169307370525,47.480059808824734,30.05181347150259,70.46632124352331,78.75647668393782,52.0,16.0,0
Zack Gelof,OAK,6.9,34.4,0.151,0.296,0.211,0.27,0.362,0.276,82.0,4.3,-6.899999999999999,1.4,64.89577519336925,3.376543209876543,,51.275227049634935,62.265298154394486,18.647166361974406,65.81352833638026,53.747714808043874,34.0,21.0,0
Jesse Winker,2 Tms,12.4,20.9,0.151,0.304,0.253,0.36,0.405,0.338,118.0,-2.7999999999999994,7.9,1.4,102.06366742962732,3.1358024691358026,,70.20425218339182,38.33821999878238,16.53543307086614,74.40944881889764,68.50393700787401,11.0,0.0,0
Lane Thomas,2 Tms,8.3,25.900000000000002,0.163,0.298,0.237,0.309,0.4,0.309,99.0,4.0,3.4000000000000004,1.4,85.43974583760034,3.259259259259259,,58.28700683117375,46.558464389000186,17.045454545454547,73.86363636363636,71.5909090909091,31.0,0.0,0
Maikel Garcia,KCR,6.7,16.5,0.101,0.268,0.231,0.281,0.332,0.27,71.0,8.1,-12.8,1.2,61.35968455483369,3.8641975308641974,,76.96868302496424,32.8131704345841,6.7092651757188495,80.5111821086262,55.59105431309904,42.0,13.0,0
Leody Taveras,TEX,7.9,21.2,0.123,0.272,0.229,0.289,0.352,0.282,84.0,1.6000000000000003,-8.2,1.2,68.37064528549439,3.265432098765432,,69.76142777970733,46.4997502293965,13.610586011342157,66.91871455576559,49.9054820415879,39.0,29.0,0
Justin Turner,2 Tms,10.9,17.599999999999998,0.124,0.299,0.259,0.354,0.383,0.327,116.0,-4.5,5.6,1.2,95.20139242072116,3.3271604938271606,,75.95220052059136,40.44698392644977,12.244897959183673,65.67717996289424,61.224489795918366,21.0,0.0,0
Paul Goldschmidt,STL,7.199999999999999,26.5,0.169,0.308,0.245,0.302,0.414,0.31,100.0,-0.10000000000000003,0.0,1.2,86.52340027236983,4.037037037037037,,61.24560123556991,51.01883203074616,20.18348623853211,64.22018348623853,59.63302752293578,31.0,27.0,0
Luis Arraez,2 Tms,3.5999999999999996,4.300000000000001,0.078,0.324,0.314,0.346,0.392,0.323,109.0,-1.0,6.4,1.1,94.8358001709757,4.148148148148148,,83.78130560162774,12.482657377309163,3.571428571428573,74.10714285714286,41.07142857142857,1.0,0.0,0
Jorge Soler,2 Tms,11.799999999999999,24.6,0.201,0.293,0.241,0.338,0.442,0.34,120.0,-4.4,9.0,1.1,103.86538404942081,3.54320987654321,,67.25855699493265,41.91323140898834,21.951219512195124,87.8048780487805,66.89895470383276,11.0,0.0,0
George Springer,TOR,9.8,18.7,0.15,0.245,0.22,0.303,0.371,0.298,94.0,3.4,-0.3999999999999986,1.1,76.97341636778363,3.7901234567901234,,68.30723119627687,35.012056935599226,18.566775244299674,72.31270358306189,54.72312703583062,58.0,30.0,0
Ceddanne Rafaela,BOS,2.5999999999999996,26.400000000000002,0.143,0.312,0.246,0.274,0.39,0.286,81.0,0.6000000000000001,-11.899999999999999,1.0,72.52596702961252,3.5246913580246915,,59.090206776793835,46.60544734531888,15.761821366024519,73.55516637478108,78.80910683012259,5.0,5.0,0
Orlando Arcia,ATL,6.800000000000001,21.3,0.136,0.249,0.218,0.271,0.354,0.273,72.0,-1.1,-20.9,0.8000000000000003,63.366063593335966,3.7160493827160495,,68.358492619993,40.71596778997219,16.943521594684384,49.83388704318937,45.84717607973422,39.0,3.0,0
Brendan Rodgers,COL,5.800000000000001,24.5,0.14,0.338,0.267,0.314,0.407,0.314,87.0,-0.9,-9.200000000000003,0.8000000000000003,88.56126778926212,3.3271604938271606,,65.13475665832951,48.198427047684035,14.471243042671615,74.58256029684601,60.111317254174395,31.0,10.0,0
Nolan Schanuel,LAA,11.200000000000001,17.0,0.112,0.285,0.25,0.343,0.362,0.315,105.0,-3.5,-0.1999999999999975,0.6999999999999997,87.0508005583368,3.746913580246914,,75.85866856586138,37.51230322078504,12.8500823723229,61.28500823723229,53.37726523887974,54.0,14.0,0
Alec Burleson,STL,5.8999999999999995,12.8,0.152,0.276,0.269,0.314,0.42,0.319,106.0,-3.0,1.1999999999999993,0.6999999999999997,91.54022607381035,3.6728395061728394,,74.06758035311394,30.470188980251514,21.176470588235293,71.59663865546219,78.65546218487395,31.0,27.0,0
Alex Verdugo,NYY,7.9,15.0,0.123,0.253,0.233,0.291,0.356,0.283,85.0,-2.5,-13.5,0.6000000000000001,69.89423483088663,3.8333333333333335,,76.74000554679648,30.11459116879303,12.560386473429952,71.4975845410628,58.93719806763285,42.0,20.0,0
Andrew McCutchen,PIT,11.3,25.8,0.179,0.283,0.232,0.328,0.411,0.325,106.0,-2.9,0.8000000000000007,0.5,93.72677931245725,3.1790123456790123,,63.96865627925456,49.30038206863234,23.300970873786408,76.89320388349515,58.25242718446602,6.0,23.0,0
Nick Castellanos,PHI,6.2,21.099999999999998,0.177,0.294,0.254,0.311,0.431,0.321,104.0,-3.8,-0.9000000000000004,0.20000000000000018,93.15040258936196,4.067901234567901,,61.58909856852695,38.37866283013028,20.94081942336874,72.83763277693475,78.30045523520485,52.0,22.0,0
Rhys Hoskins,MIL,10.299999999999999,28.799999999999997,0.205,0.25,0.214,0.303,0.419,0.313,101.0,-3.3,-2.5999999999999996,0.20000000000000018,87.97264695688476,3.191358024691358,,57.21856318961263,47.609547111410535,30.174081237911025,68.47195357833655,95.16441005802707,6.0,17.0,0
Josh Bell,2 Tms,8.5,19.900000000000002,0.156,0.286,0.249,0.319,0.405,0.317,101.0,-4.1,-3.0000000000000018,-0.10000000000000009,89.62043400546746,3.7222222222222223,,66.09591764645536,39.85458540497557,18.90547263681592,61.691542288557216,70.64676616915423,31.0,0.0,0
Andrew Vaughn,CHW,6.1,21.3,0.156,0.285,0.246,0.297,0.402,0.304,97.0,-2.5,-4.299999999999999,-0.10000000000000009,82.25612513434332,3.8209876543209877,,64.65762540227323,33.734226719527776,18.416801292407108,53.31179321486268,67.8513731825525,31.0,7.0,0
Andrew Benintendi,CHW,7.9,18.4,0.168,0.245,0.229,0.289,0.396,0.298,93.0,-1.9,-5.899999999999999,-0.10000000000000009,78.45327332550376,3.2222222222222223,,77.09596136835499,36.27509645926466,22.988505747126435,57.47126436781609,73.5632183908046,39.0,7.0,0
Adolis Garc穩a,TEX,7.1,27.800000000000004,0.176,0.273,0.224,0.284,0.4,0.296,94.0,-0.7,-5.399999999999999,-0.10000000000000009,77.85240838384433,3.932098765432099,,60.00990811154899,49.26134916206723,23.547880690737834,64.05023547880691,80.06279434850863,5.0,29.0,0
Ty France,2 Tms,7.1,21.3,0.132,0.277,0.234,0.305,0.365,0.296,93.0,-3.6,-7.800000000000001,-0.8000000000000003,76.20549954044647,3.302469135802469,,69.23200661483422,42.41162940120771,14.57943925233645,51.58878504672897,57.19626168224299,39.0,0.0,0
Christopher Morel,2 Tms,10.0,26.0,0.15,0.233,0.196,0.288,0.346,0.28,81.0,-2.2,-15.600000000000001,-1.0,66.69224796370652,3.771604938271605,,67.70982756270644,50.29545261994395,20.621931260229132,54.99181669394435,58.91980360065467,12.0,0.0,0
Bryan De La Cruz,2 Tms,4.7,27.3,0.151,0.289,0.233,0.271,0.384,0.283,78.0,-2.6,-18.8,-1.1,70.24058271152418,3.8395061728395063,,58.19470527630834,48.14257702331625,20.257234726688104,58.842443729903536,65.59485530546624,5.0,0.0,0
王威晨,中信兄弟,7.0,13.2,0.062,0.338,0.293,0.341,0.355,0.314,104.86079446380143,5.38139782994783,20.06077891669056,7.38741849046264,105.7,3.0833333333333335,9.0,79.4,25.1,4.7421493461431865,91.31829123641917,70.62739551803904,7.0,32.0,1
許基宏,中信兄弟,12.0,21.2,0.233,0.332,0.292,0.39,0.525,0.393,152.08191800487194,6.0597851315351345,50.26715323012545,6.8106956809215635,168.5,3.4166666666666665,74.0,59.5,42.0,25.281814309865776,104.20865084832488,78.62159800865484,45.0,32.0,1
江坤宇,中信兄弟,7.0,11.2,0.044999999999999984,0.305,0.272,0.357,0.317,0.312,104.76359265842427,4.16824751082251,19.296060579641573,5.688017410495851,100.1,3.7916666666666665,90.0,76.0,28.5,-1.7824695032166424,90.1573476442897,45.42553912915132,53.0,32.0,1
宋晟睿,中信兄弟,5.8,20.2,0.141,0.297,0.257,0.302,0.398,0.305,97.57653466209902,1.8869992063492071,16.61954639997012,5.314628985553428,105.5,3.7583333333333333,88.0,70.4,41.7,14.48018192956663,91.29715622669899,64.9041867604348,52.0,32.0,1
岳東華,中信兄弟,8.9,20.2,0.059,0.305,0.239,0.318,0.299,0.283,85.82622618604222,4.086692859917858,8.207644692431293,6.02476680213627,82.9,3.375,98.0,68.8,37.4,5.709353417442548,86.64363011486022,67.04165723463554,58.0,32.0,1
王博玄,台鋼雄鷹,8.4,14.5,0.067,0.331,0.284,0.348,0.351,0.318,107.82132615226784,2.0296416666666675,21.59021559078853,4.929597571494732,106.8,4.075,6.0,75.5,30.7,-1.3653402147906384,91.53812151411368,35.7230433341692,5.0,33.0,1
曾子祐,台鋼雄鷹,6.5,6.699999999999999,0.05,0.292,0.273,0.319,0.323,0.291,90.43269404089403,4.346707142857141,11.266518040627215,5.650648078822794,89.9,4.216666666666667,1.0,86.5,18.4,-0.03426330671114286,88.08228801198283,48.47619562112867,0.0,33.0,1
王柏融,台鋼雄鷹,8.1,13.4,0.077,0.269,0.239,0.307,0.316,0.284,86.2856381893811,2.6557740990832692,8.590003860955786,2.9564061419524728,84.2,3.6083333333333334,9.0,76.4,28.0,0.5148513055405459,86.91191524163321,28.759150799982756,7.0,33.0,1
魔鷹,台鋼雄鷹,8.9,15.7,0.284,0.304,0.305,0.387,0.589,0.403,155.58054176985996,3.4974869047619035,54.09074491537036,5.265790311068651,185.5,3.183333333333333,94.0,65.4,34.5,29.64105758775335,107.72399990083275,72.45521845153728,56.0,33.0,1
張肇元,台鋼雄鷹,7.8,15.6,0.126,0.277,0.25,0.315,0.376,0.308,100.57062766800692,3.0028705913969085,17.7666239055436,4.262355347631097,103.5,3.2,29.0,73.0,31.4,9.988948558883715,90.87407737447043,50.77516622229772,21.0,33.0,1
吳念庭,台鋼雄鷹,10.9,11.9,0.078,0.373,0.328,0.4,0.407,0.364,136.5953647779525,5.777578385503387,39.17873734291517,6.813734373599713,138.7,3.1416666666666666,39.0,76.5,25.1,0.25234878289860774,98.07256529684472,48.92708067467535,27.0,33.0,1
李凱威,味全龍,11.1,9.2,0.03800000000000002,0.334,0.3,0.388,0.338,0.339,122.50826105702835,1.496155952380953,29.619758129802864,8.652329233810377,115.7,4.341666666666667,21.0,77.9,20.3,0.5625121295258708,93.34261936636769,67.86374306596431,15.0,34.0,1
吉力吉撈．鞏冠,味全龍,6.4,17.6,0.252,0.292,0.274,0.337,0.525,0.365,133.76828797608889,3.717217857142856,39.561096511439644,4.846014282720808,152.0,4.158333333333333,4.0,68.7,40.0,26.632177878186102,100.83834377795166,66.57886052627988,3.0,34.0,1
朱育賢,味全龍,7.5,22.1,0.183,0.346,0.293,0.355,0.476,0.36,131.90942646675478,4.649401401376402,37.649300668817204,7.683544818477666,143.9,3.125,11.0,64.8,42.3,21.78697238075673,99.16391903017553,87.36093258308773,9.0,34.0,1
劉基鴻,味全龍,4.0,11.9,0.114,0.272,0.258,0.293,0.372,0.292,89.71444755570202,2.3296905844155855,11.64887720915171,5.128746137636767,95.5,3.725,46.0,80.6,27.7,10.452578910966453,89.24550825739216,59.722015824758685,31.0,34.0,1
陳子豪,味全龍,12.5,17.6,0.073,0.283,0.237,0.347,0.31,0.308,102.8985572383587,2.8451455392433673,17.7666239055436,4.516456626716332,95.0,3.408333333333333,1.0,66.5,37.1,2.193651365869272,89.10501958181719,42.946050887807516,0.0,34.0,1
張政禹,味全龍,3.8,11.9,0.067,0.304,0.27,0.298,0.336,0.282,83.8878942203622,1.226737448662449,7.8252855239068,5.128065381412043,87.0,3.0833333333333335,25.0,83.5,23.2,3.542474545887387,87.49921699753752,54.36548088217718,19.0,34.0,1
郭天信,味全龍,6.2,8.9,0.071,0.301,0.28,0.334,0.351,0.31,102.50278572295547,6.714951798201799,18.531342242592586,6.847994079010528,102.4,4.041666666666667,2.0,82.4,21.9,4.88446427136499,90.64058717709676,63.46797228647121,1.0,34.0,1
范國宸,富邦悍將,7.1,19.8,0.178,0.312,0.275,0.334,0.453,0.341,119.97627181824348,5.443662728937731,30.38447646685185,6.5461745355332495,130.9,3.066666666666667,46.0,67.9,38.4,20.5668156590736,96.50155764196435,79.60040833862631,31.0,35.0,1
陳晨威,樂天桃園,8.6,11.3,0.104,0.341,0.307,0.366,0.411,0.345,123.70365089459044,3.5086966394716397,31.9139131409498,7.801024640808951,129.2,3.9916666666666667,98.0,79.1,23.4,8.634027808358791,96.13863947031427,69.95242669909663,58.0,36.0,1
林泓育,樂天桃園,4.6,15.3,0.108,0.345,0.307,0.345,0.415,0.334,116.24002706738086,2.0996547619047616,27.7079622871804,5.846142223949032,123.7,3.475,11.0,76.5,30.5,6.066782267778541,95.01899820232298,52.822544153915075,9.0,36.0,1
林子偉,樂天桃園,8.0,16.2,0.111,0.281,0.241,0.307,0.352,0.294,91.67399301736059,1.607827609950436,12.413595546200696,4.644670339273734,94.3,3.033333333333333,15.0,73.8,35.8,10.070678988115214,88.99120561539904,58.02645754055115,12.0,36.0,1
成晉,樂天桃園,4.9,9.7,0.06,0.299,0.272,0.321,0.331,0.296,93.71570069914922,6.8497693667443675,13.178313883249682,6.634995868800518,92.8,3.091666666666667,35.0,82.7,20.7,4.984636883393424,88.67446563954758,68.01075984506035,25.0,36.0,1
林智平,樂天桃園,7.1,16.5,0.075,0.351,0.294,0.343,0.368,0.319,107.76037742811633,3.6110912698412685,21.972574759313023,6.0086718411688205,110.0,3.275,79.0,75.7,31.6,2.9303615186676844,92.20184308865622,53.971414028453566,48.0,36.0,1
邱智呈,統一7-ELEVEn獅,9.2,16.1,0.142,0.301,0.258,0.34,0.4,0.33,114.53931608757541,0.5708690476190479,26.178525613082428,5.31696885937372,118.0,3.2583333333333333,14.0,71.1,30.3,13.15682852263981,93.84179547213375,60.88386165826499,11.0,37.0,1
林安可,統一7-ELEVEn獅,9.6,17.3,0.285,0.337,0.318,0.397,0.603,0.423,169.97238911154167,5.002360131535132,61.7379282858602,7.042960152329249,192.5,3.125,77.0,64.8,35.1,31.64436691898353,109.13533795859708,85.07785240146468,46.0,37.0,1
潘傑楷,統一7-ELEVEn獅,7.2,13.8,0.071,0.308,0.266,0.332,0.336,0.304,98.92469150162151,2.45362987012987,16.237187231445628,4.974640173942242,97.6,3.2583333333333333,35.0,76.5,30.9,2.1866479022473513,89.65524975504232,47.22072972364443,25.0,37.0,1
林佳緯,統一7-ELEVEn獅,5.6,15.5,0.132,0.318,0.275,0.322,0.408,0.319,106.50055671945536,0.49988396136027763,21.972574759313023,3.9426892561256572,114.6,4.15,20.0,76.7,32.6,7.560376605911335,93.15921554115091,39.14823927767038,14.0,37.0,1
岳政華,中信兄弟,9.3,17.1,0.088,0.29,0.242,0.322,0.329,0.298,96.52425576881845,2.118889685314686,13.943032220298669,5.210278119137071,88.5,4.2,92.0,70.7,34.4,6.783821958045653,87.77497721435152,54.98944327605419,54.0,32.0,1
陳俊秀,中信兄弟,12.2,21.4,0.128,0.363,0.29,0.385,0.417,0.36,135.1959152719573,4.354163306138306,37.649300668817204,7.218714574670974,131.9,3.15,29.0,62.9,40.5,12.475376594433623,96.66642567584155,72.77167617419363,21.0,32.0,1
曾頌恩,中信兄弟,5.7,14.2,0.138,0.333,0.304,0.343,0.441,0.342,122.18847785102372,3.195285347985347,30.766835635376346,7.462883017701335,125.8,3.533333333333333,32.0,77.3,31.6,14.927719587001203,95.43784631309256,78.41768875383256,23.0,32.0,1
岳東華,中信兄弟,14.3,18.6,0.107,0.246,0.211,0.326,0.317,0.298,97.09939130972889,1.7508816172595394,13.943032220298669,3.5038508070736087,86.4,3.683333333333333,98.0,63.8,33.3,7.269031705925213,87.33791587734308,41.729467191379186,58.0,32.0,1
江坤宇,中信兄弟,7.5,8.3,0.071,0.297,0.278,0.345,0.349,0.314,106.14800257917241,1.2510853174603171,20.06077891669056,4.629517210933702,101.0,3.1166666666666667,90.0,81.1,23.1,0.34039606111284826,90.34010633930504,39.7249473604021,53.0,32.0,1
許基宏,中信兄弟,7.8,18.9,0.145,0.347,0.301,0.368,0.446,0.353,128.72092985009257,5.7120020146520165,34.97278648914575,6.4283801679162185,134.7,3.225,74.0,67.9,34.1,13.040383425087159,97.26511069814515,66.28526378940397,45.0,32.0,1
曾子祐,台鋼雄鷹,9.2,10.3,0.066,0.294,0.268,0.342,0.334,0.309,103.46751886853767,3.376672610330794,18.14898307406809,4.356379549285025,95.9,4.35,1.0,78.2,23.8,-1.5604052932870225,89.29005493011238,31.072723623882567,0.0,33.0,1
陳文杰,台鋼雄鷹,7.8,14.5,0.111,0.307,0.265,0.332,0.376,0.317,107.63578821602916,1.756732539682541,21.207856422264037,5.299606009480617,104.5,3.8583333333333334,3.0,74.8,30.6,8.512825545475199,91.0617119411462,54.75762340141027,2.0,33.0,1
王柏融,台鋼雄鷹,12.6,18.0,0.117,0.339,0.28,0.383,0.397,0.352,130.3703481634253,2.987604395604394,34.59042732062126,7.700505541628347,125.7,3.9833333333333334,9.0,66.1,37.4,12.148641839855486,95.39426733567453,75.865334319636,7.0,33.0,1
魔鷹,台鋼雄鷹,8.5,20.3,0.273,0.314,0.294,0.367,0.567,0.388,148.19638839899625,5.6033406870906886,48.355357387502984,6.976068461307225,167.8,4.108333333333333,94.0,62.7,40.0,32.44458115359179,104.07434700238801,88.47527131877571,56.0,33.0,1
王博玄,台鋼雄鷹,5.4,17.1,0.072,0.344,0.283,0.332,0.355,0.309,102.70067148065708,1.11688940726671,18.14898307406809,2.7528693243562494,98.7,3.408333333333333,6.0,75.5,36.6,-4.076026626392654,89.87280337945697,15.493480562734668,5.0,33.0,1
吉力吉撈．鞏冠,味全龍,7.3,18.3,0.198,0.302,0.279,0.344,0.477,0.352,127.54944527229314,5.789835347985351,34.59042732062126,6.45210189819761,136.0,4.233333333333333,4.0,67.7,41.2,22.032569584517027,97.53794913147786,75.48446363303972,3.0,34.0,1
李凱威,味全龍,10.9,10.9,0.05199999999999999,0.358,0.319,0.398,0.371,0.353,131.897869028455,4.204139316239316,34.97278648914575,6.872973017090333,123.1,4.125,21.0,76.4,26.3,-3.0151946972409718,94.85086712228897,44.53477063137205,15.0,34.0,1
劉基鴻,味全龍,6.5,19.4,0.12,0.288,0.244,0.3,0.364,0.293,91.62539211467201,1.6669622419850685,12.031236377676201,4.704496092335662,91.5,3.95,46.0,71.1,40.9,11.259911158310704,88.41073381933431,57.61196737886636,31.0,34.0,1
郭天信,味全龍,4.9,7.4,0.081,0.294,0.275,0.315,0.356,0.298,95.07272321318734,2.501649991283176,13.943032220298669,4.062455118530914,93.8,3.5833333333333335,2.0,86.3,19.8,1.540756055060914,88.87803677918237,36.88791740239159,1.0,34.0,1
陳晨威,樂天桃園,6.3,12.1,0.151,0.321,0.295,0.338,0.446,0.34,120.61235608330543,3.642561538461538,30.002117298327356,7.019237854545064,125.6,4.4,98.0,79.5,26.2,15.651624399241546,95.40077473041337,72.74392702274723,58.0,36.0,1
林立,樂天桃園,7.5,15.3,0.095,0.41,0.353,0.404,0.448,0.379,146.77303363323836,5.116060925185925,44.914124870782544,7.285824176050628,146.2,3.1,39.0,74.9,31.7,2.700687645104285,99.59934884410556,54.09262779457259,27.0,36.0,1
梁家榮,樂天桃園,6.3,14.6,0.073,0.305,0.266,0.32,0.34,0.296,94.23606142663962,4.490557142857142,13.178313883249682,5.852196850033506,90.9,3.425,5.0,76.6,34.1,5.607556917009983,88.27902919177804,61.78708360456649,4.0,36.0,1
朱育賢,樂天桃園,5.2,19.0,0.129,0.344,0.295,0.345,0.423,0.338,120.13173058398799,4.356842490842491,29.237398961278373,6.626253817126388,121.4,3.683333333333333,85.0,70.7,38.2,12.112910529028829,94.5312053629562,68.09281349123793,51.0,36.0,1
林泓育,樂天桃園,6.1,13.6,0.134,0.338,0.307,0.37,0.442,0.357,132.11966004591932,5.6158055860805876,36.50222316324372,6.465579763394725,134.2,3.1166666666666667,11.0,74.5,28.6,10.88690343197699,97.15194186192848,63.049068894898795,9.0,36.0,1
馬傑森,樂天桃園,3.7,12.0,0.049,0.269,0.237,0.273,0.286,0.253,67.16890769149188,1.4795577974444902,-3.2631303633034676,4.958943381035625,61.7,3.408333333333333,94.0,82.4,28.5,4.178363570341379,82.2996914539326,60.27414318528474,56.0,36.0,1
邱智呈,統一7-ELEVEn獅,11.3,17.5,0.101,0.398,0.326,0.418,0.427,0.381,148.842128721737,6.234404792429794,45.678843207831534,6.7690775594110235,144.6,4.416666666666667,14.0,67.3,32.5,2.2292762510453663,99.26179642363465,45.126537554815386,11.0,37.0,1
陳傑憲,統一7-ELEVEn獅,11.7,10.6,0.082,0.374,0.334,0.421,0.416,0.378,146.97091939093997,4.302925210900209,44.531765702258056,7.863150476358321,142.5,3.933333333333333,24.0,75.4,19.4,1.99328331863261,98.83156504646578,56.47989234170315,18.0,37.0,1
林安可,統一7-ELEVEn獅,11.9,21.0,0.203,0.289,0.257,0.352,0.461,0.352,128.09719340649357,3.791461507936508,34.59042732062126,5.911617174983945,134.0,3.975,77.0,61.6,40.2,22.669810695423763,97.12170023908887,73.15939880935625,46.0,37.0,1
陳重廷,統一7-ELEVEn獅,6.3,13.3,0.057999999999999996,0.28,0.246,0.293,0.304,0.271,78.80697477692445,1.0355576303966998,3.6193346701373983,4.405337923147162,72.8,3.325,66.0,79.3,31.9,2.388962401495867,84.56889304765407,48.76907010820325,42.0,37.0,1
潘傑楷,統一7-ELEVEn獅,12.3,15.9,0.091,0.328,0.281,0.373,0.372,0.339,122.48087365031833,1.3161182539682539,29.619758129802864,5.549771755256041,115.8,3.2416666666666667,35.0,69.4,33.9,3.82532284182599,93.36343181098714,48.47031766982262,25.0,37.0,1
